Unnamed: 538,Unnamed: 539,Unnamed: 540,Unnamed: 541,Unnamed: 542,Unnamed: 544,Unnamed: 545,Unnamed: 547,Unnamed: 548,Unnamed: 549,Unnamed: 550,Unnamed: 551,Unnamed: 552,Unnamed: 553,Unnamed: 554,Unnamed: 555,Unnamed: 556,Unnamed: 557,Unnamed: 558,Unnamed: 559,Unnamed: 560,Unnamed: 561,Unnamed: 562,Unnamed: 563,Unnamed: 564,Unnamed: 565,Unnamed: 566,Unnamed: 567,Unnamed: 568,Unnamed: 569,Unnamed: 570,Unnamed: 571,Unnamed: 572,Unnamed: 573,Unnamed: 575,Unnamed: 576,Unnamed: 577,Unnamed: 578,Unnamed: 579,Unnamed: 580,Unnamed: 583,Unnamed: 584,Unnamed: 586,Unnamed: 587,Unnamed: 588,Unnamed: 589,Unnamed: 590,Unnamed: 591,Unnamed: 592,Unnamed: 593,Unnamed: 594,Unnamed: 595,Unnamed: 596,Unnamed: 597,Unnamed: 598,Unnamed: 599,Unnamed: 605,Unnamed: 606,Unnamed: 607,Unnamed: 608,Unnamed: 610,Unnamed: 612,Unnamed: 613,Unnamed: 614,Unnamed: 616,Unnamed: 617,Unnamed: 618,Unnamed: 619,Unnamed: 620,Unnamed: 621,Unnamed: 622,Unnamed: 623,Unnamed: 624,Unnamed: 625,Unnamed: 626,Unnamed: 627,Unnamed: 628,Unnamed: 629,Unnamed: 630,Unnamed: 631,Unnamed: 632,Unnamed: 633,Unnamed: 634,Unnamed: 635,Unnamed: 636,Unnamed: 637,Unnamed: 638,Unnamed: 639,Unnamed: 640,Unnamed: 641,Unnamed: 642,Unnamed: 643,Unnamed: 644,Unnamed: 645,Unnamed: 646,Unnamed: 647,Unnamed: 648,Unnamed: 649,Unnamed: 650,Unnamed: 651,Unnamed: 652,Unnamed: 653,Unnamed: 654,Unnamed: 656,Unnamed: 658,Unnamed: 659,Unnamed: 661,Unnamed: 663,Unnamed: 664,Unnamed: 665,Unnamed: 666,Unnamed: 667,Unnamed: 668,Unnamed: 669,Unnamed: 670,Unnamed: 671,Unnamed: 672,Unnamed: 673,Unnamed: 674,Unnamed: 675,Unnamed: 676,Unnamed: 677,Unnamed: 678,Unnamed: 679,Unnamed: 681,Unnamed: 682,Unnamed: 683,Unnamed: 684,Unnamed: 685,Unnamed: 686,Unnamed: 687,Unnamed: 689,Unnamed: 690,Unnamed: 692,Unnamed: 693,Unnamed: 694,Unnamed: 695,Unnamed: 696,Unnamed: 697,Unnamed: 698,Unnamed: 700,Unnamed: 701,Unnamed: 702,Unnamed: 703,Unnamed: 704,Unnamed: 705,Unnamed: 707,Unnamed: 708,Unnamed: 709,Unnamed: 710,Unnamed: 711,Unnamed: 712,Unnamed: 713,Unnamed: 714,Unnamed: 715,Unnamed: 716,Unnamed: 717,Unnamed: 718,Unnamed: 719,Unnamed: 720,Unnamed: 721,Unnamed: 722,Unnamed: 723,Unnamed: 724,Unnamed: 725,Unnamed: 726,Unnamed: 727,Unnamed: 728,Unnamed: 729,Unnamed: 730,Unnamed: 731,Unnamed: 732,Unnamed: 733,Unnamed: 734,Unnamed: 735,Unnamed: 736,Unnamed: 738,Unnamed: 739,Unnamed: 740,Unnamed: 741,Unnamed: 742,Unnamed: 743,Unnamed: 744,Unnamed: 745,Unnamed: 746,Unnamed: 747,Unnamed: 748,Unnamed: 749,Unnamed: 750,Unnamed: 751,Unnamed: 753,Unnamed: 754,Unnamed: 755,Unnamed: 756,Unnamed: 757,Unnamed: 760,Unnamed: 761,Unnamed: 763,Unnamed: 764,Unnamed: 765,Unnamed: 766,Unnamed: 767,Unnamed: 768,Unnamed: 769,Unnamed: 770,Unnamed: 771,Unnamed: 772,Unnamed: 773,Unnamed: 775,Unnamed: 776,Unnamed: 777,Unnamed: 778,Unnamed: 779,Unnamed: 780,Unnamed: 781,Unnamed: 782,Unnamed: 783,Unnamed: 785,Unnamed: 786,Unnamed: 787,Unnamed: 788,Unnamed: 789,Unnamed: 790,Unnamed: 791,Unnamed: 792,Unnamed: 793,Unnamed: 794,Unnamed: 795,Unnamed: 796,Unnamed: 797,Unnamed: 798,Unnamed: 799,Unnamed: 800,Unnamed: 801,Unnamed: 802,Unnamed: 803,Unnamed: 804,Unnamed: 806,Unnamed: 807,Unnamed: 808,Unnamed: 809,Unnamed: 812,Unnamed: 813,Unnamed: 814,Unnamed: 815,Unnamed: 817,Unnamed: 818,Unnamed: 819,Unnamed: 820,Unnamed: 821,Unnamed: 822,Unnamed: 823,Unnamed: 824,Unnamed: 825,Unnamed: 826,Unnamed: 827,Unnamed: 829,Unnamed: 830,Unnamed: 831,Unnamed: 832,Unnamed: 833,Unnamed: 834,Unnamed: 835,Unnamed: 836,Unnamed: 837,Unnamed: 838,Unnamed: 839,Unnamed: 840,Unnamed: 841,Unnamed: 842,Unnamed: 843,Unnamed: 845,Unnamed: 846,Unnamed: 847,Unnamed: 848,Unnamed: 850,Unnamed: 851,Unnamed: 852,Unnamed: 853,Unnamed: 854,Unnamed: 855,Unnamed: 856,Unnamed: 857,Unnamed: 858,Unnamed: 859,Unnamed: 860,Unnamed: 862,Unnamed: 863,Unnamed: 864,Unnamed: 865,Unnamed: 866,Unnamed: 868,Unnamed: 870,Unnamed: 871,Unnamed: 872,Unnamed: 873,Unnamed: 874,Unnamed: 875,Unnamed: 876,Unnamed: 877,Unnamed: 878,Unnamed: 879,Unnamed: 880,Unnamed: 881,Unnamed: 883,Unnamed: 884,Unnamed: 885,Unnamed: 886,Unnamed: 887,Unnamed: 888,Unnamed: 889,Unnamed: 890,Unnamed: 891,Unnamed: 892,Unnamed: 893,Unnamed: 894,Unnamed: 895,Unnamed: 896,Unnamed: 897,Unnamed: 898,Unnamed: 899,Unnamed: 900,Unnamed: 901,Unnamed: 902,Unnamed: 903,Unnamed: 905,Unnamed: 906,Unnamed: 907,Unnamed: 908,Unnamed: 909,Unnamed: 910,Unnamed: 911,Unnamed: 913,Unnamed: 914,Unnamed: 915,Unnamed: 916,Unnamed: 917,Unnamed: 918,Unnamed: 919,Unnamed: 920,Unnamed: 921,Unnamed: 922,Unnamed: 923,Unnamed: 924,Unnamed: 925,Unnamed: 926,Unnamed: 927,Unnamed: 928,Unnamed: 929,Unnamed: 930,Unnamed: 931,Unnamed: 932,Unnamed: 933,Unnamed: 934,Unnamed: 935,Unnamed: 937,Unnamed: 939,Unnamed: 940,Unnamed: 942,Unnamed: 943,Unnamed: 944,Unnamed: 945,Unnamed: 946,Unnamed: 947,Unnamed: 948,Unnamed: 950,Unnamed: 951,Unnamed: 952,Unnamed: 953,Unnamed: 954,Unnamed: 955,Unnamed: 956,Unnamed: 957,Unnamed: 958,Unnamed: 959,Unnamed: 961,Unnamed: 962,Unnamed: 963,Unnamed: 964,Unnamed: 965,Unnamed: 967,Unnamed: 968,Unnamed: 969,Unnamed: 973,Unnamed: 974,Unnamed: 975,Unnamed: 976,Unnamed: 977,Unnamed: 978,Unnamed: 979,Unnamed: 980,Unnamed: 981,Unnamed: 982,Unnamed: 983,Unnamed: 984,Unnamed: 985,Unnamed: 986,Unnamed: 987,Unnamed: 989,Unnamed: 990,Unnamed: 991,Unnamed: 992,Unnamed: 993,Unnamed: 994,Unnamed: 995,Unnamed: 996,Unnamed: 997,Unnamed: 998,Unnamed: 999,Unnamed: 1001,Unnamed: 1002,Unnamed: 1003,Unnamed: 1004,Unnamed: 1005,Unnamed: 1006,Unnamed: 1007,Unnamed: 1009,Unnamed: 1010,Unnamed: 1011,Unnamed: 1012,Unnamed: 1013,Unnamed: 1014,Unnamed: 1015,Unnamed: 1016,Unnamed: 1017,Unnamed: 1018,Unnamed: 1019,Unnamed: 1020,Unnamed: 1021,Unnamed: 1022,Unnamed: 1023,Unnamed: 1026,Unnamed: 1028,Unnamed: 1029,Unnamed: 1032,Unnamed: 1033,Unnamed: 1034,Unnamed: 1035,Unnamed: 1036,Unnamed: 1037,Unnamed: 1038,Unnamed: 1039,Unnamed: 1040,Unnamed: 1041,Unnamed: 1042,Unnamed: 1043,Unnamed: 1044,Unnamed: 1045,Unnamed: 1046,Unnamed: 1047,Unnamed: 1048,Unnamed: 1049,Unnamed: 1050,Unnamed: 1052,Unnamed: 1053,Unnamed: 1054,Unnamed: 1055,Unnamed: 1056,Unnamed: 1057,Unnamed: 1058,Unnamed: 1059,Unnamed: 1060,Unnamed: 1061,Unnamed: 1062,Unnamed: 1063,Unnamed: 1064,Unnamed: 1065,Unnamed: 1066,Unnamed: 1067,Unnamed: 1068,Unnamed: 1069
Billed Wt,Billed Wt,Billed Wt,Billed Wt,Billed Wt,Billed Wt,Billed Wt,Billed Wt,Billed Wt,Billed Wt,Billed Wt,Billed Wt,Billed Wt,Billed Wt,Billed Wt,Billed Wt,Billed Wt,Billed Wt,Billed Wt,Billed Wt,Billed Wt,Billed Wt,Billed Wt,Billed Wt,Billed Wt,Billed Wt,Billed Wt,Billed Wt,Billed Wt,Billed Wt,Billed Wt,Billed Wt,Billed Wt,Billed Wt,Billed Wt,Billed Wt,Billed Wt,Billed Wt,Billed Wt,Billed Wt,Billed Wt,Billed Wt,Billed Wt,Billed Wt,Billed Wt,Billed Wt,Billed Wt,Billed Wt,Billed Wt,Billed Wt,Billed Wt,Billed Wt,Billed Wt,Billed Wt,Billed Wt,Billed Wt,Billed Wt,Billed Wt,Billed Wt,Billed Wt,Billed Wt,Billed Wt,Billed Wt,Billed Wt,Billed Wt,Billed Wt,Billed Wt,Billed Wt,Billed Wt,Billed Wt,Billed Wt,Billed Wt,Billed Wt,Billed Wt,Billed Wt,Billed Wt,Billed Wt,Billed Wt,Billed Wt,Billed Wt,Billed Wt,Billed Wt,Billed Wt,Billed Wt,Billed Wt,Billed Wt,Billed Wt,Billed Wt,Billed Wt,Billed Wt,Billed Wt,Billed Wt,Billed Wt,Billed Wt,Billed Wt,Billed Wt,Billed Wt,Billed Wt,Billed Wt,Billed Wt,Billed Wt,Billed Wt,Billed Wt,Billed Wt,Billed Wt,Billed Wt,Billed Wt,Billed Wt,Billed Wt,Billed Wt,Billed Wt,Billed Wt,Billed Wt,Billed Wt,Billed Wt,Billed Wt,Billed Wt,Billed Wt,Billed Wt,Billed Wt,Billed Wt,Billed Wt,Billed Wt,Billed Wt,Billed Wt,Billed Wt,Billed Wt,Billed Wt,Billed Wt,Billed Wt,Billed Wt,Billed Wt,Billed Wt,Billed Wt,Billed Wt,Billed Wt,Billed Wt,Billed Wt,Billed Wt,Billed Wt,Billed Wt,Billed Wt,Billed Wt,Billed Wt,Billed Wt,Billed Wt,Billed Wt,Billed Wt,Billed Wt,Billed Wt,Billed Wt,Billed Wt,Billed Wt,Billed Wt,Billed Wt,Billed Wt,Billed Wt,Billed Wt,Billed Wt,Billed Wt,Billed Wt,Billed Wt,Billed Wt,Billed Wt,Billed Wt,Billed Wt,Billed Wt,Billed Wt,Billed Wt,Billed Wt,Billed Wt,Billed Wt,Billed Wt,Billed Wt,Billed Wt,Billed Wt,Billed Wt,Billed Wt,Billed Wt,Billed Wt,Billed Wt,Billed Wt,Billed Wt,Billed Wt,Billed Wt,Billed Wt,Billed Wt,Billed Wt,Billed Wt,Billed Wt,Billed Wt,Billed Wt,Billed Wt,Billed Wt,Billed Wt,Billed Wt,Billed Wt,Billed Wt,Billed Wt,Billed Wt,Billed Wt,Billed Wt,Billed Wt,Billed Wt,Billed Wt,Billed Wt,Billed Wt,Billed Wt,Billed Wt,Billed Wt,Billed Wt,Billed Wt,Billed Wt,Billed Wt,Billed Wt,Billed Wt,Billed Wt,Billed Wt,Billed Wt,Billed Wt,Billed Wt,Billed Wt,Billed Wt,Billed Wt,Billed Wt,Billed Wt,Billed Wt,Billed Wt,Billed Wt,Billed Wt,Billed Wt,Billed Wt,Billed Wt,Billed Wt,Billed Wt,Billed Wt,Billed Wt,Billed Wt,Billed Wt,Billed Wt,Billed Wt,Billed Wt,Billed Wt,Billed Wt,Billed Wt,Billed Wt,Billed Wt,Billed Wt,Billed Wt,Billed Wt,Billed Wt,Billed Wt,Billed Wt,Billed Wt,Billed Wt,Billed Wt,Billed Wt,Billed Wt,Billed Wt,Billed Wt,Billed Wt,Billed Wt,Billed Wt,Billed Wt,Billed Wt,Billed Wt,Billed Wt,Billed Wt,Billed Wt,Billed Wt,Billed Wt,Billed Wt,Billed Wt,Billed Wt,Billed Wt,Billed Wt,Billed Wt,Billed Wt,Billed Wt,Billed Wt,Billed Wt,Billed Wt,Billed Wt,Billed Wt,Billed Wt,Billed Wt,Billed Wt,Billed Wt,Billed Wt,Billed Wt,Billed Wt,Billed Wt,Billed Wt,Billed Wt,Billed Wt,Billed Wt,Billed Wt,Billed Wt,Billed Wt,Billed Wt,Billed Wt,Billed Wt,Billed Wt,Billed Wt,Billed Wt,Billed Wt,Billed Wt,Billed Wt,Billed Wt,Billed Wt,Billed Wt,Billed Wt,Billed Wt,Billed Wt,Billed Wt,Billed Wt,Billed Wt,Billed Wt,Billed Wt,Billed Wt,Billed Wt,Billed Wt,Billed Wt,Billed Wt,Billed Wt,Billed Wt,Billed Wt,Billed Wt,Billed Wt,Billed Wt,Billed Wt,Billed Wt,Billed Wt,Billed Wt,Billed Wt,Billed Wt,Billed Wt,Billed Wt,Billed Wt,Billed Wt,Billed Wt,Billed Wt,Billed Wt,Billed Wt,Billed Wt,Billed Wt,Billed Wt,Billed Wt,Billed Wt,Billed Wt,Billed Wt,Billed Wt,Billed Wt,Billed Wt,Billed Wt,Billed Wt,Billed Wt,Billed Wt,Billed Wt,Billed Wt,Billed Wt,Billed Wt,Billed Wt,Billed Wt,Billed Wt,Billed Wt,Billed Wt,Billed Wt,Billed Wt,Billed Wt,Billed Wt,Billed Wt,Billed Wt,Billed Wt,Billed Wt,Billed Wt,Billed Wt,Billed Wt,Billed Wt,Billed Wt,Billed Wt,Billed Wt,Billed Wt,Billed Wt,Billed Wt,Billed Wt,Billed Wt,Billed Wt,Billed Wt,Billed Wt,Billed Wt,Billed Wt,Billed Wt,Billed Wt,Billed Wt,Billed Wt,Billed Wt,Billed Wt,Billed Wt,Billed Wt,Billed Wt,Billed Wt,Billed Wt,Billed Wt,Billed Wt,Billed Wt,Billed Wt,Billed Wt,Billed Wt,Billed Wt,Billed Wt,Billed Wt,Billed Wt,Billed Wt,Billed Wt,Billed Wt,Billed Wt,Billed Wt,Billed Wt,Billed Wt,Billed Wt,Billed Wt,Billed Wt,Billed Wt,Billed Wt,Billed Wt,Billed Wt,Billed Wt,Billed Wt,Billed Wt,Billed Wt,Billed Wt,Billed Wt,Billed Wt,Billed Wt,Billed Wt,Billed Wt,Billed Wt,Billed Wt,Billed Wt,Billed Wt,Billed Wt,Billed Wt,Billed Wt,Billed Wt,Billed Wt,Billed Wt,Billed Wt,Billed Wt,Billed Wt,Billed Wt,Billed Wt,Billed Wt,Billed Wt,Billed Wt,Billed Wt,Billed Wt,Billed Wt,Billed Wt,Billed Wt,Billed Wt,Billed Wt,Billed Wt,Billed Wt,Billed Wt,Billed Wt,Billed Wt,Billed Wt,Billed Wt,Billed Wt,Billed Wt
East,East,East,East,East,East,East,East,East,East,East,East,East,East,East,East,East,East,East,East,East,East,East,East,East,East,East,East,East,East,East,East,East,East,East,East,East,East,East,East,East,East,East,East,East,East,East,East,East,East,East,East,East,East,East,East,East,East,East,East,East,East,East,East,East,East,East,East,East,East,East,East,East,East,East,East,East,East,East,East,East,East,East,East,East,East,East,East,East,East,East,East,East,East,East,East,East,East,East,East,East,East,East,East,East,East,East,East,East,East,North,North,North,North,North,North,North,North,North,North,North,North,North,North,North,North,North,North,North,North,North,North,North,North,North,North,North,North,North,North,North,North,North,North,North,North,North,North,North,North,North,North,North,North,North,North,North,North,North,North,North,North,North,North,North,North,North,North,North,North,North,North,North,North,North,North,North,North,North,North,North,North,North,North,North,North,North,North,North,North,North,North,North,North,North,North,North,North,North,North,North,North,North,North,North,North,North,North,North,North,North,North,North,North,North,North,North,North,North,North,North,North,North,North,North,North,North,North,North,North,North,North,South,South,South,South,South,South,South,South,South,South,South,South,South,South,South,South,South,South,South,South,South,South,South,South,South,South,South,South,South,South,South,South,South,South,South,South,South,South,South,South,South,South,South,South,South,South,South,South,South,South,South,South,South,South,South,South,South,South,South,South,South,South,South,South,South,South,South,South,South,South,South,South,South,South,South,South,South,South,South,South,South,South,South,South,South,South,South,South,South,South,South,South,South,South,South,South,South,South,South,South,South,South,South,South,South,South,South,South,South,South,South,South,South,South,South,South,South,South,South,South,South,South,South,South,South,South,West,West,West,West,West,West,West,West,West,West,West,West,West,West,West,West,West,West,West,West,West,West,West,West,West,West,West,West,West,West,West,West,West,West,West,West,West,West,West,West,West,West,West,West,West,West,West,West,West,West,West,West,West,West,West,West,West,West,West,West,West,West,West,West,West,West,West,West,West,West,West,West,West,West,West,West,West,West,West,West,West,West,West,West,West,West,West,West,West,West,West,West,West,West,West,West,West,West,West,West,West,West,West,West,West,West,West,West,West,West,West,West,West
BBI,BBI,BBI,BBI,BBI,BBI,BBI,BBI,BBI,BBI,BBI,BBI,BBI,BBI,BBI,BBI,BBI,BBI,CCU,CCU,CCU,CCU,CCU,CCU,CCU,CCU,CCU,CCU,CCU,CCU,CCU,CCU,CCU,CCU,CCU,CCU,CCU,CCU,CCU,CCU,CCU,CCU,CCU,CCU,CCU,CCU,CCU,CCU,CCU,CCU,CCU,CCU,CCU,CCU,CCU,CCU,GAU,GAU,GAU,GAU,GAU,GAU,GAU,GAU,GAU,GAU,GAU,GAU,GAU,GAU,GAU,GAU,GAU,GAU,GAU,GAU,GAU,GAU,GAU,GAU,GAU,GAU,GAU,GAU,GAU,PAT,PAT,PAT,PAT,PAT,PAT,PAT,PAT,PAT,PAT,PAT,PAT,PAT,PAT,PAT,PAT,PAT,PAT,PAT,PAT,PAT,PAT,PAT,PAT,PAT,UPT,UPT,UPT,UPT,UPT,UPT,UPT,UPT,UPT,UPT,UPT,UPT,UPT,UPT,UPT,UPT,UPT,UPT,UPT,UPT,UPT,UPT,DDL,DDL,DDL,DDL,DDL,DDL,DDL,HHPT,HHPT,HHPT,HHPT,HHPT,HHPT,HHPT,HHPT,HHPT,HHPT,HHPT,HHPT,HHPT,HHPT,HHPT,HHPT,HHPT,HHPT,HHPT,HHPT,HHPT,HHPT,HHPT,HHPT,HHPT,HHPT,HHPT,JAI,JAI,JAI,JAI,JAI,JAI,JAI,JAI,JAI,JAI,JAI,JAI,JAI,JAI,JAI,JAI,JAI,JAI,JAI,JAI,JAI,JAI,DDL,DDL,DDL,DDL,DDL,DDL,DDL,DDL,DDL,DDL,DDL,DDL,DDL,DDL,DDL,DDL,DDL,DDL,DDL,DDL,DDL,DDL,UPT,UPT,UPT,UPT,UPT,UPT,UPT,UPT,UPT,UPT,UPT,UPT,UPT,UPT,UPT,UPT,UPT,UPT,UPT,UPT,UPT,UPT,BLR,BLR,BLR,BLR,BLR,BLR,BLR,BLR,BLR,BLR,BLR,BLR,BLR,BLR,BLR,BLR,BLR,BLR,BLR,BLR,BLR,BLR,BLR,BLR,BLR,BLR,BLR,BLR,BLR,BLR,BLR,BLR,BLR,BLR,BLR,CHE,CHE,CHE,CHE,CHE,CHE,CHE,CHE,CHE,CHE,CHE,CHE,CHE,CHE,CHE,CHE,CHE,CHE,CHE,CJB,CJB,CJB,CJB,CJB,CJB,CJB,CJB,CJB,CJB,CJB,CJB,CJB,COK,COK,COK,COK,COK,COK,COK,COK,COK,COK,COK,COK,COK,COK,COK,COK,COK,COK,COK,COK,COK,HYD,HYD,HYD,HYD,HYD,HYD,HYD,HYD,HYD,HYD,HYD,HYD,HYD,HYD,HYD,HYD,HYD,HYD,HYD,HYD,VJA,VJA,VJA,VJA,VJA,VJA,VJA,VJA,VJA,VJA,VJA,VJA,VJA,VJA,VJA,VJA,VJA,VJA,AMD,AMD,AMD,AMD,AMD,AMD,AMD,AMD,AMD,AMD,AMD,AMD,AMD,AMD,AMD,AMD,AMD,AMD,AMD,AMD,IDR,IDR,IDR,IDR,IDR,IDR,IDR,IDR,IDR,IDR,IDR,IDR,IDR,IDR,IDR,IDR,IDR,IDR,IDR,IDR,MUM,MUM,MUM,MUM,MUM,MUM,MUM,MUM,MUM,MUM,MUM,MUM,MUM,MUM,MUM,MUM,MUM,MUM,MUM,MUM,MUM,MUM,MUM,MUM,MUM,NGP,NGP,NGP,NGP,NGP,NGP,NGP,NGP,NGP,NGP,NGP,NGP,PNQ,PNQ,PNQ,PNQ,PNQ,PNQ,PNQ,PNQ,PNQ,PNQ,PNQ,PNQ,PNQ,PNQ,PNQ,PNQ,PNQ,PNQ,PNQ,PNQ,PNQ,PNQ,PNQ,PNQ,PNQ,PNQ,PNQ,PNQ,PNQ,PNQ,PNQ,PNQ,PNQ,PNQ,PNQ,PNQ
ANGUL,BALASORE,BERHAMPUR -OR,BERHAMPUR -OR,BHADRAK,BHUBANESHWAR,BHUBANESHWAR,BHUBANESHWAR,BOLANGIR,CUTTACK,JAJPUR,JHARSUGUDA,KHURDA,KORAPUT,PURI,RAYAGADA,ROURKELA,SAMBALPUR,ALIPURDWAR,ASANSOL,BAHARAMPORE,BANKURA,BARASAT,BIRBHUM,BURDWAN,COOCHBEHAR,DARJEELING,DIAMOND HARBOUR,DURGAPUR,FULIA,GANGTOK,HALDIA,HOWRAH,HOWRAH,KHARAGPUR,KOLKATA,KOLKATA,KOLKATA,KOLKATA,KOLKATA,KOLKATA,KOLKATA,KOLKATA,KOLKATA,KOLKATA,KRISHNANAGAR,MALDAH,MATIGARA,MAYNAGURI,MECHEDA,PORT BLAIR,PURULIA,RANGPO,RANIGANJ,SERAMPORE,SILIGURI,AIZWAL,BONGAIGON,BONGAIGON,DHARMANAGAR,DIBRUGARH,DULIAJAN,GOALPARA,GOLAGHAT,GUWAHATI,GUWAHATI,GUWAHATI,IMPHAL,ITANAGAR,JORHAT,JORHAT,KALIABOR,MORANHAT,NALBARI,NAOGAON,NAOGAON,NAOGAON,NORTH LAKHIMPUR,SHILLONG,SIBSAGAR,SILAPATHAR,SILCHAR,TEZPUR,TINSUKIA,UDAIPUR-TP,BEGUSARI,BHAGALPUR,BOKARO,CHAPRA,DANAPUR,DARBHANGA,DHANBAD,DUMKA,GAYA,GODDA,GOPALGUNJ,HAZARIBAGH,JAMSHEDPUR,KATIHAR,MOHANIA,MOTIHARI,MUNGER,MUZAFFARPUR,PATNA,PATNA,PURNIA,RANCHI,SAHARSA,SAMASTIPUR,VAISHALI (BH),ALLAHABAD,AMETHI,BARABANKI,BASTI,DIBIYAPUR,FAIZABAD,GAZIPUR,GONDA,GORAKHPUR,JAUNPUR,KANNAUJ,KANPUR,LAKHIMPUR,LUCKNOW,LUCKNOW,LUCKNOW,LUCKNOW,ORAI (JALAUN),RENUKOOT,SHAHJAHANPUR -UP,SULTANPUR,VARANASI,DHARUHERA,GURGAON,GURGAON,GURGAON,GURGAON,GURGAON,NUH,AMBALA,AMRITSAR,BADDI,BAHADURGARH,BHATINDA,BILASPUR ( H.P.),CHANDIGARH,HISSAR,JALANDHAR,KARNAL,KHARAR,KUNDLI,LUDHIANA,MOGA,MOHALI,NANGAL,PANCHKULA,PANIPAT,PATHANKOT,PATIALA,PHAGWARA,RAJPURA,ROHTAK,SHIMLA,SIRSA,SOLAN,YAMUNA NAGAR,AJMER,ALWAR,ALWAR,BAWAL,BEHROR,BHARATPUR,BHILWARA,BHIWADI,BIKANER,JAIPUR,JAIPUR,JAIPUR,JAIPUR,JAIPUR,JAIPUR,JODHPUR,KOTA,PALI (RJ),SHAHPURA - (JAIPUR ROAD),SIKAR,SRIGANGANAGAR,UDAIPUR,DELHI,DELHI,DELHI,DELHI,DELHI,DELHI,DELHI,DELHI,JAMMU,NOIDA,NOIDA,NOIDA,NOIDA,SRINAGAR -JK,BALLABGARH,DELHI,DELHI,DELHI,DELHI,DELHI,DELHI,FARIDABAD,AGRA,ALIGARH,BAREILLY,BIJNOR,BULANDSHAHAR,DEHRADUN,DEHRADUN,GWALIOR,HALDWANI,HARDWAR,JHANSI,KASHIPUR,MATHURA,MEERUT,MORADABAD,MUZAFFARNAGAR,RISHIKESH,ROORKEE,RUDRAPUR,SAHIBABAD,SHAHARANPUR,VAISHALI (UP),BAGALKOT,BANGALORE,BANGALORE,BANGALORE,BANGALORE,BANGALORE,BANGALORE,BANGALORE,BANGALORE,BANGALORE,BANGALORE,BANGALORE,BANGALORE,BELGAUM,BELLARY,BIDAR,BIJAPUR,CHICKAMAGALUR,CHITRADURGA,DAVANGERE,GULBARGA,HASSAN,HOSPET,HOSUR,MANDYA,MANGALORE,MARGAO,MYSORE,PANJIM,RAICHUR,SALCETE,SHIMOGA,SIRSI,TUMKUR,UDUPI,CHENGALPATTU,CHENNAI,CHENNAI,CHENNAI,CHENNAI,CHENNAI,CHENNAI,CHENNAI,CHENNAI,CHENNAI,CHENNAI,CHENNAI,CHENNAI,KANCHIPURAM,KATPADI,PONDICHERRY,SRICITY,THANDALAM,VILLUPURAM - TN,COIMBATORE,DINDIGUL,ERODE,KARUR,KRISHNAGIRI,NAGERCOIL,SIVAKASI,THANJAVUR,THENI,TIRUNELVELI,TIRUPUR,TRICHY,TUTICORIN,ALLEPPEY,CALICUT,CANNANORE,CHANGANACHERRY,CHERTHALA,COCHIN,COCHIN,IDUKKI,KALPETTA,KARUKUTTY,KASARGOD,KOTTAKKAL,KOTTAYAM,MUVATTUPUZHA,PALGHAT,QUILON,THALASSERY,TIRUVALLA,TRICHUR,TRIVANDRUM,TRIVANDRUM,HYDERABAD,HYDERABAD,HYDERABAD,HYDERABAD,HYDERABAD,HYDERABAD,HYDERABAD,HYDERABAD,HYDERABAD,HYDERABAD,HYDERABAD,HYDERABAD,KARIMNAGAR,KHAMMAM,MAHABUBNAGAR,MANCHERIAL,NIZAMABAD,RANGAREDDY,SURYAPET,WARANGAL,ANANTHPUR,ANANTHPUR,BHIMAVARAM,CHITTOOR,CUDDAPAH,GUNTUR,KAKINADA,KURNOOL,MADANAPALLY,NANDYAL,NELLORE,ONGOLE,RAJAHMUNDRY,SRIKAKULAM,TIRUPATI,VIJAYAWADA,VISHAKAPATNAM,VIZIANAGARAM,AHMEDABAD,AHMEDABAD,AHMEDABAD,AHMEDABAD,ANAND,ANKLESHWAR,BARODA,BHAVNAGAR,BHUJ,DAHEJ,GANDHINAGAR,HALOL,JAMNAGAR,KUTCH,MEHSANA,RAJKOT,SANAND,SURAT,SURENDRANAGAR,VAPI,BETUL,BHOPAL,BHOPAL,CHINDWARA,DEWAS,INDORE,INDORE,INDORE,JABALPUR,JABALPUR,KATNI,MANDIDEEP (RAISEN),MANDSAUR / DASPURKUNJ,NEEMUCH,PITAMPUR,RATLAM,REWA,SAGAR(MP),SATNA,UJJAIN,BHIWANDI,BHIWANDI,BOISAR,KALYAN,MUMBAI,MUMBAI,MUMBAI,MUMBAI,MUMBAI,MUMBAI,MUMBAI,MUMBAI,MUMBAI,MUMBAI,MUMBAI,MUMBAI,MUMBAI,MUMBAI,MUMBAI,MUMBAI,MUMBAI,MUMBAI,PANVEL,PANVEL,VASAI,AKOLA,AMARAVATI,AMBIKAPUR(CG),BHILAI,BILASPUR,CHANDRAPUR -MH,KHAMGAON,KORBA,NAGPUR,NAGPUR,RAIGARH,YAVATMAL,AHMEDNAGAR,AURANGABAD MH,AURANGABAD MH,BARAMATI,CHIPLUN,DHULE,ICHALAKARANJI,JALGAON,JALNA,KANKAVLI,KOLHAPUR,LATUR,LATUR,NANDED,NASIK,NASIK,PANDHARPUR,PARBHANI,PUNE,PUNE,PUNE,PUNE,PUNE,PUNE,PUNE,PUNE,PUNE,PUNE,RATNAGIRI,SANGLI,SATARA,SATARA,SHIRDI,SHIRWAL,SOLAPUR,TEMBHURNI
W09,W06,W04,W54,W14,W21,W52,W57,W23,W02,W05,W12,W40,W22,W15,W08,W03,W07,K104,K22,K37,K63,K74,K85,K45,K79,K84,K29,K14,K54,K51,K89,K08,K72,K40,K01,K04,K05,K06,K07,K28,K39,K68,K75,K88,K03,K23,K129,K132,K32,K56,K27,K82,K119,K81,K15,X07,X13,X34,X30,X04,X14,X18,X27,X10,X22,X36,X12,X25,X15,X32,X41,X37,X29,X19,X33,X38,X28,X06,X26,X39,X02,X05,X17,X40,T42,T06,T09,T38,T89,T26,T04,T86,T07,T87,T39,T34,T03,T16,T88,T36,T18,T05,T10,T32,T13,T14,T15,T85,T40,U02,U78,U135,U142,U83,U26,U133,U45,U06,U79,U141,U03,U140,U01,U48,U139,U143,U110,U44,U77,U95,U130,L05,L02,L03,L04,L23,L27,L28,J06,J05,J12,J37,J08,J20,J01,J07,J02,J15,J54,J26,J03,J48,J21,J19,J13,J04,J11,J18,J17,J16,J25,J14,J36,J39,J50,Q09,Q07,Q44,Q34,Q18,Q40,Q12,Q11,Q14,Q01,Q06,Q17,Q35,Q41,Q48,Q02,Q03,Q10,Q43,Q16,Q13,Q04,N02,N03,N09,N10,N11,N15,N17,N33,N37,N31,N32,N35,N42,N38,S27,S01,S03,S04,S09,S17,S26,S02,U09,U16,U15,U31,U145,U10,U28,U07,U12,U18,U24,U27,U25,U13,U14,U19,U17,U22,U23,U21,U20,U30,B41,B06,B07,B08,B09,B11,B14,B26,B35,B58,B59,B61,B68,B16,B47,B62,B42,B64,B13,B50,B05,B18,B19,B27,B95,B01,B51,B02,B32,B63,B65,B38,B39,B43,B53,C57,C13,C14,C15,C30,C36,C37,C38,C47,C48,C50,C73,C74,C59,C08,C02,C60,C53,C22,E21,E07,E03,E05,E16,E11,E20,E23,E24,E09,E02,E06,E10,O01,O02,O09,O17,O14,O13,O23,O21,O25,O93,O60,O12,O07,O88,O03,O08,O89,O11,O04,O05,O90,H07,H08,H09,H10,H11,H48,H70,H71,H74,H75,H79,H80,H37,H91,H42,H98,H53,H96,H92,H17,V07,V24,V57,V32,V13,V08,V15,V04,V21,V22,V09,V10,V05,V12,V01,V58,V16,V11,A11,A24,A36,A48,A44,A07,A02,A27,A47,A51,A38,A49,A33,A16,A18,A03,A50,A46,A45,A05,I39,I02,I43,I11,I20,I42,I46,I48,I08,I30,I45,I41,I16,I29,I03,I07,I19,I34,I44,I40,M35,M85,M57,M47,M01,M02,M04,M05,M06,M07,M08,M45,M48,M54,M59,M61,M66,M68,M78,M80,M82,M87,M39,M63,M46,R04,R12,R29,R08,R07,R02,R28,R10,R11,R32,R19,R13,P08,P09,P56,P25,P21,P38,P62,P20,P61,P26,P11,P16,P72,P17,P19,P74,P29,P58,P04,P12,P15,P22,P24,P27,P44,P50,P65,P73,P60,P10,P13,P32,P71,P57,P06,P28
1.92,5.64,2.6,0.0,0.96,1.6,28.52,0.08,8.92,33.84,1.08,7.4,2.08,2.68,0.0,0.2,4.52,24.0,0.2,7.76,15.52,1.24,7.4,7.48,6.84,6.52,0.0,2.08,4.6,1.2,0.36,0.6,10.96,12.12,6.84,0.52,0.4,21.48,6.24,40.08,25.76,0.24,0.32,23.76,0.0,1.32,10.52,0.72,0.0,13.48,0.0,2.48,1.04,1.4,12.4,2.68,6.04,1.2,3.28,0.0,0.0,0.4,4.2,2.0,6.84,18.76,0.0,1.32,4.88,0.08,2.92,0.0,0.32,0.56,2.0,0.0,2.32,1.08,1.6,0.36,0.12,7.16,2.56,1.56,0.0,2.24,3.36,0.64,0.2,0.92,2.08,13.04,0.0,0.6,0.0,1.68,4.52,8.88,0.2,0.0,0.52,1.0,22.68,7.24,2.8,12.4,0.0,0.24,2.04,2.48,4.44,0.88,2.4,2.68,0.64,11.24,8.68,3.6,23.52,9.28,0.48,19.64,0.64,19.72,12.8,26.04,10.64,0.0,1.8,1.0,5.68,2.16,2.36,0.96,4.4,20.96,49.28,2.16,0.0,1.44,2.4,7.84,2.08,3.12,1.36,9.16,3.44,10.76,3.36,1.0,4.84,18.28,5.6,10.68,11.96,13.2,7.56,1.16,4.16,7.64,12.88,10.84,0.2,0.48,1.4,2.56,3.16,2.56,4.12,1.04,1.72,5.6,2.2,5.2,5.04,1.2,26.76,1.88,2.24,2.04,1.16,9.96,7.64,0.0,0.12,1.6,2.4,11.84,3.92,3.36,6.44,0.76,6.2,9.2,7.88,1.2,19.72,6.44,2.84,73.32,1.4,51.92,6.4,10.52,0.36,25.36,1.2,6.76,0.68,3.28,10.4,4.16,4.96,0.6,1.68,5.08,1.88,2.32,2.96,3.12,5.92,5.44,0.6,16.64,3.04,4.32,0.12,8.08,1.44,0.72,1.48,10.36,0.64,4.28,14.36,14.36,21.88,6.8,5.88,7.96,7.84,8.88,17.24,6.16,1.48,5.04,3.12,6.68,16.6,0.84,0.2,12.48,13.72,1.0,6.32,3.08,1.6,30.28,6.2,7.6,10.24,0.32,2.28,25.8,1.6,15.12,9.6,10.44,7.84,1.84,18.92,14.28,3.2,6.96,4.76,2.76,15.16,3.76,1.04,5.12,0.2,5.84,11.96,1.68,5.84,17.36,12.24,9.76,5.12,1.04,4.0,2.8,0.6,5.72,1.12,11.76,5.36,19.04,1.32,15.44,25.48,6.72,0.0,4.72,10.88,1.08,0.16,0.24,2.92,1.0,26.28,13.28,7.56,24.08,14.96,4.32,9.68,31.72,29.32,2.24,1.56,9.32,16.2,4.64,16.56,5.12,5.04,7.44,7.52,8.2,26.88,11.44,12.08,1.48,4.88,1.84,1.68,12.4,2.96,6.72,4.92,1.92,1.76,0.84,20.2,3.16,3.84,12.72,2.36,3.28,2.68,3.56,10.12,8.04,2.84,24.32,12.68,4.28,3.56,4.4,0.76,10.88,2.8,9.52,0.0,1.76,0.36,0.12,0.84,3.32,3.96,3.0,27.32,19.48,3.8,1.8,0.04,7.76,2.04,8.16,5.76,0.32,0.96,9.2,16.56,0.0,12.52,0.48,1.88,3.12,1.88,0.0,2.44,1.32,7.64,5.04,11.24,11.04,4.76,0.4,1.0,13.92,12.04,7.36,4.24,21.6,1.48,15.04,14.84,3.28,10.4,1.56,1.16,9.44,7.32,0.32,0.64,0.0,0.0,0.0,15.64,10.0,3.52,1.96,1.92,0.28,3.04,3.08,6.48,0.64,0.0,9.64,18.24,2.08,4.08,2.36,10.16,4.36,4.28,0.56,9.64,0.44,3.52,0.68,1.28,18.96,8.2,0.28,0.0,16.32,0.48,0.12,0.12,32.88,6.2,4.08,11.68,2.6,2.44,0.0,10.44,10.8,0.92,7.84,5.96,2.56,0.8,0.24,0.8,13.44,2.0
0.0,0.0,0.0,0.0,0.0,0.0,0.0,0.0,0.0,0.0,0.0,0.0,0.0,0.0,0.0,0.0,0.0,0.0,0.0,0.0,0.0,0.0,0.0,0.0,0.0,0.0,0.0,0.48,0.0,0.0,0.0,0.0,0.0,0.0,0.0,0.0,0.0,0.0,0.0,0.0,0.0,0.0,0.0,0.0,0.0,0.0,0.0,0.0,0.0,0.0,0.0,0.0,0.0,0.0,0.0,0.0,0.0,0.0,0.0,0.0,0.0,0.0,0.0,0.0,0.0,0.0,0.0,0.0,0.0,0.0,0.0,0.0,0.0,0.0,0.0,0.0,0.0,0.0,0.0,0.0,0.0,0.0,0.0,0.0,0.0,0.0,0.0,0.0,0.0,0.0,0.0,0.0,0.0,0.0,0.0,0.0,0.0,0.0,0.0,0.0,0.0,0.0,0.0,0.0,0.0,0.0,0.0,0.0,0.0,0.0,0.0,0.0,0.0,0.0,0.0,0.0,0.0,0.0,0.0,0.0,0.0,0.0,0.0,0.0,0.0,0.0,0.0,0.0,0.0,0.28,0.0,0.0,0.0,0.0,0.0,0.0,0.0,0.0,0.0,0.0,0.0,0.0,0.0,0.0,0.0,0.0,0.0,0.0,0.0,0.0,0.0,0.0,0.0,0.0,0.0,0.0,0.0,0.0,0.0,0.0,0.0,0.0,0.0,0.0,0.0,0.0,0.0,0.0,0.0,0.0,0.0,0.0,0.0,0.0,0.0,0.0,0.0,0.0,0.12,0.0,0.0,0.0,0.0,0.0,0.0,0.0,0.0,0.0,0.0,0.0,0.0,0.0,0.0,0.0,0.0,0.0,0.0,0.0,0.0,0.0,0.0,0.0,0.0,0.0,0.0,0.0,0.0,0.0,0.0,0.0,0.0,0.0,0.0,0.0,0.0,0.0,0.0,0.0,0.0,0.0,0.0,0.0,0.0,0.0,0.0,0.0,0.0,0.0,0.0,0.0,0.0,0.0,0.0,0.0,0.0,0.0,0.0,0.0,0.0,0.0,0.0,0.0,0.0,0.0,0.0,0.0,0.0,0.0,0.0,0.0,0.0,0.0,0.0,0.0,0.0,0.0,0.0,0.0,0.0,0.0,0.0,0.0,0.0,0.0,0.0,0.0,0.0,0.0,0.0,0.0,0.0,0.0,0.0,0.0,0.0,0.0,0.0,0.0,0.0,0.0,0.0,0.0,0.0,0.0,0.0,0.0,0.0,0.0,0.0,0.0,0.0,0.0,0.0,0.0,0.0,0.0,0.0,0.0,0.0,0.0,0.0,0.0,0.0,0.0,0.0,0.0,0.0,0.0,0.0,0.0,0.0,0.0,0.0,0.0,0.0,0.0,0.0,0.0,0.0,0.0,0.0,0.0,0.0,0.0,0.0,0.0,0.0,0.0,0.0,0.0,0.0,0.0,0.0,0.0,0.0,0.0,0.0,0.0,0.0,0.0,0.0,0.0,0.0,0.0,0.0,0.0,0.0,0.0,0.0,0.0,0.0,0.0,0.0,0.0,0.0,0.0,0.0,0.0,0.0,0.0,0.0,0.0,0.0,0.0,0.0,0.0,0.0,0.0,0.0,0.0,0.0,0.0,0.0,0.0,0.0,0.0,0.0,0.0,0.0,0.0,0.0,0.0,0.0,0.0,0.0,0.0,0.0,0.0,0.0,0.0,0.0,0.0,0.0,0.0,0.0,0.0,0.0,0.0,0.0,0.0,0.0,0.0,0.0,0.0,0.0,0.0,0.0,0.0,0.0,0.0,0.0,0.0,0.0,0.0,0.0,0.0,0.0,0.0,0.0,0.0,0.0,0.0,0.0,0.0,0.0,0.0,0.0,0.0,0.0,0.0,0.0,0.0,0.0,0.0,0.0,0.0,0.0,0.0,0.0,0.0,0.0,0.0,0.0,0.0,0.0,0.0,0.0,0.0,0.0,0.0,0.0,0.0,0.0,0.0,0.0,0.0,0.0,0.0,0.0,0.0,0.0,0.0,0.0,0.0,0.0,0.0,0.0,0.0,0.0,0.0,0.0
2.32,0.32,1.04,0.0,7.72,0.24,4.2,0.0,0.0,4.04,0.16,2.6,0.0,0.2,0.96,0.0,1.96,7.84,0.16,0.0,8.12,2.36,3.12,0.56,13.12,0.84,0.52,2.36,3.48,0.24,0.0,1.76,1.8,2.08,5.4,0.16,0.0,4.16,18.44,5.76,8.2,0.0,0.2,1.04,0.32,0.0,4.28,0.24,0.0,1.8,0.0,0.0,0.44,0.8,2.24,0.96,0.52,1.56,1.92,0.4,0.0,0.64,0.0,0.36,3.96,5.32,0.0,0.0,0.36,0.12,0.72,0.0,0.0,0.24,0.0,0.72,0.12,0.0,1.6,0.04,0.12,0.0,0.24,1.0,0.0,1.44,1.88,1.96,0.0,0.96,0.0,0.72,0.0,0.0,0.0,0.0,0.2,4.84,0.04,0.0,0.0,0.0,0.52,5.52,0.72,0.84,0.0,0.0,0.0,0.0,1.0,0.12,1.92,0.0,0.4,0.04,1.12,0.0,1.32,0.0,0.92,10.16,0.32,1.32,3.4,3.84,2.24,0.0,2.24,0.0,0.0,1.48,3.04,1.16,3.8,9.4,50.32,2.76,0.12,0.28,6.04,7.32,0.84,4.64,0.28,3.24,1.96,1.0,0.64,0.44,3.84,6.88,1.0,3.12,0.52,4.2,3.16,0.04,1.24,1.44,2.96,0.64,2.16,1.04,1.08,0.48,2.04,0.64,3.16,0.56,0.08,0.32,0.44,1.72,0.64,2.04,4.96,0.6,1.12,0.0,1.32,12.2,3.88,0.44,0.0,1.32,0.0,5.8,4.56,7.2,3.84,1.28,2.68,2.4,3.44,2.64,7.88,5.68,10.0,10.92,1.08,4.16,3.32,1.84,0.32,14.92,1.28,1.56,1.12,3.84,0.96,3.2,2.12,0.16,0.0,3.16,0.0,3.8,0.92,2.0,0.64,0.32,3.64,0.56,0.24,0.24,1.12,3.64,2.76,0.32,0.36,2.12,0.0,9.4,6.72,5.08,3.76,2.08,5.56,1.04,7.6,4.64,6.32,4.56,3.04,0.88,0.4,0.04,1.48,0.56,0.12,0.84,3.8,2.68,2.2,1.88,0.4,4.16,5.76,4.2,6.32,0.0,0.56,0.2,0.64,1.08,2.16,1.96,10.24,1.32,5.64,0.24,1.36,2.52,1.56,5.48,2.64,0.4,1.16,0.0,0.16,0.8,3.24,0.92,6.96,2.72,7.84,0.56,4.04,0.0,0.72,4.08,0.28,3.56,0.0,0.12,5.4,3.72,0.24,0.16,3.0,0.4,0.0,0.0,2.64,0.16,0.0,0.0,0.12,0.0,1.4,1.96,1.04,1.32,1.0,0.0,0.56,2.16,2.28,0.0,2.52,2.24,2.28,2.68,2.68,7.96,11.76,5.2,2.72,1.6,6.48,4.32,1.0,1.36,0.8,1.8,0.16,2.2,1.32,3.6,0.6,0.0,0.76,0.52,4.28,3.96,3.2,0.44,2.4,0.0,3.08,0.08,2.28,0.4,3.92,7.28,3.0,2.96,0.08,0.32,0.6,2.2,1.44,2.44,0.72,2.2,2.08,0.0,0.32,0.4,1.84,7.28,12.68,11.72,1.56,2.08,4.8,3.8,0.0,9.2,3.16,1.0,0.44,6.2,3.08,0.0,1.44,0.68,0.0,0.44,0.28,0.0,2.4,1.6,1.68,0.52,0.0,1.6,9.4,13.2,1.72,8.56,3.8,4.16,4.0,2.56,1.12,3.56,5.36,1.92,2.56,4.68,2.8,2.52,0.32,0.48,1.48,0.08,0.0,0.32,0.84,0.72,2.48,0.8,0.44,0.16,3.28,0.08,0.12,0.56,0.48,4.6,4.68,0.44,1.04,1.08,2.52,0.96,2.32,0.36,1.08,2.04,1.28,0.36,0.32,2.52,1.48,0.0,0.96,7.28,0.24,0.32,1.24,8.24,7.96,3.96,3.04,13.36,3.68,0.0,9.96,0.52,4.28,0.32,5.36,1.36,0.52,0.0,4.36,0.92,0.0
0.0,0.0,0.0,0.0,0.0,0.0,0.0,0.0,0.0,0.0,0.0,0.0,0.0,0.0,0.0,0.0,0.0,0.0,0.0,0.0,0.0,0.0,0.0,0.0,0.0,0.0,0.0,0.0,0.0,0.0,0.0,0.0,0.0,0.0,0.0,0.0,0.0,0.0,0.0,0.0,0.0,0.0,0.0,0.0,0.0,0.0,0.0,0.0,0.0,0.0,0.0,0.0,0.0,0.0,0.0,0.0,0.0,0.0,0.0,0.0,0.0,0.0,0.0,0.0,0.0,0.0,0.0,0.0,0.0,0.0,0.0,0.0,0.0,0.0,0.0,0.0,0.0,0.0,0.0,0.0,0.0,0.0,0.0,0.0,0.0,0.0,0.0,0.0,0.0,0.0,0.0,0.0,0.0,0.0,0.0,0.0,0.0,0.0,0.0,0.0,0.0,0.0,0.0,0.0,0.0,0.0,0.0,0.0,0.0,0.0,0.0,0.0,0.0,0.0,0.0,0.0,0.0,0.0,0.0,0.0,0.0,0.0,0.0,0.0,0.0,0.0,0.0,0.0,0.0,0.0,0.0,0.0,0.0,0.0,0.0,0.0,0.0,0.0,0.0,0.0,0.0,0.0,0.0,0.0,0.0,0.0,0.0,0.0,0.0,0.0,0.0,0.0,0.0,0.0,0.0,0.0,0.0,0.0,0.0,0.0,0.0,0.0,0.0,0.0,0.0,0.0,0.0,0.0,0.0,0.0,0.0,0.0,0.0,0.0,0.0,0.0,0.0,0.0,0.0,0.0,0.0,0.0,0.0,0.0,0.0,0.0,0.0,0.0,0.0,0.0,0.0,0.0,0.0,0.0,0.0,0.0,0.0,0.0,0.0,0.0,0.0,0.0,0.0,0.0,0.0,0.0,0.0,0.0,0.0,0.0,0.0,0.0,0.0,0.0,0.0,0.0,0.0,0.0,0.0,0.0,0.0,0.0,0.0,0.0,0.0,0.0,0.0,0.0,0.0,0.0,0.0,0.0,0.0,0.0,0.0,0.0,0.0,0.0,0.0,0.0,0.0,0.0,0.0,0.0,0.0,0.0,0.0,0.0,0.0,0.0,0.0,0.0,0.0,0.0,0.0,0.0,0.0,0.0,0.0,0.0,0.0,0.0,0.0,0.0,0.0,0.0,0.0,0.0,0.0,0.0,0.0,0.0,0.0,0.0,0.0,0.0,0.0,0.0,0.0,0.0,0.0,0.0,0.0,0.0,0.0,0.0,0.0,0.0,0.0,0.0,0.0,0.0,0.0,0.0,0.0,0.0,0.0,0.0,0.0,0.0,0.0,0.0,0.0,0.0,0.0,0.0,0.0,0.0,0.0,0.0,0.0,0.0,0.0,0.0,0.0,0.0,0.0,0.0,0.0,0.0,0.0,0.0,0.0,0.0,0.0,0.0,0.0,0.0,0.0,0.0,0.0,0.0,0.0,0.0,0.0,0.0,0.0,0.0,0.0,0.0,0.0,0.0,0.0,0.0,0.0,0.0,0.0,0.0,0.0,0.0,0.0,0.0,0.0,0.0,0.0,0.0,0.0,0.0,0.0,0.0,0.0,0.0,0.0,0.0,0.0,0.0,0.0,0.0,0.0,0.0,0.0,0.0,0.0,0.0,0.0,0.0,0.0,0.0,0.0,0.0,0.0,0.0,0.0,0.0,0.0,0.0,0.0,0.0,0.0,0.0,0.0,0.0,0.0,0.0,0.0,0.0,0.0,0.0,0.0,0.0,0.0,0.0,0.0,0.0,0.0,0.0,0.0,0.0,0.0,0.0,0.0,0.0,0.0,0.0,0.0,0.0,0.0,0.0,0.0,0.0,0.0,0.0,0.0,0.0,0.0,0.0,0.0,0.0,0.0,0.0,0.0,0.0,0.0,0.0,0.0,0.0,0.0,0.0,0.0,0.0,0.0,0.0,0.0,0.0,0.0,0.0,0.0,0.0,0.0,0.0,0.0,0.0,0.0,0.0,0.0,0.0,0.0,0.0,0.0,0.0,0.0,0.0,0.0,0.0,0.0,0.0,0.0,0.0,0.0,0.0,0.0
0.68,1.16,1.2,0.0,1.08,0.2,8.28,0.0,0.36,8.92,0.84,0.32,0.0,0.72,0.0,0.16,0.6,3.44,0.0,2.88,1.16,0.2,3.0,0.16,2.04,1.24,0.0,3.68,0.68,0.0,0.0,3.2,1.64,7.84,1.64,0.32,0.0,10.16,4.96,3.56,13.48,0.28,0.12,2.28,0.44,2.88,2.0,0.24,0.0,4.16,0.0,0.0,8.44,0.0,5.64,2.68,2.88,0.28,0.0,3.88,0.0,12.88,0.0,0.0,8.68,7.72,0.0,0.0,41.24,0.64,0.0,0.0,0.0,0.0,0.44,0.16,0.48,0.0,0.44,0.48,0.0,2.72,0.4,0.28,0.0,3.36,2.8,1.16,0.96,0.28,4.0,2.04,0.0,1.36,0.0,0.56,4.16,3.0,1.96,0.0,2.08,0.08,3.96,23.36,1.92,2.6,0.0,2.72,4.12,0.2,2.44,2.08,0.8,0.56,0.32,7.16,3.12,1.6,6.6,3.6,0.88,20.56,0.56,3.12,4.72,13.36,20.12,0.0,0.32,0.96,1.52,2.88,2.0,0.28,1.64,12.36,2.64,5.56,0.0,0.16,2.32,7.96,2.52,4.68,1.16,7.6,1.36,8.4,3.76,0.04,5.88,8.68,0.44,6.04,2.2,7.08,2.36,1.56,3.36,0.12,2.8,2.68,0.12,0.12,2.88,1.76,5.8,2.44,1.64,0.16,0.68,2.84,0.52,1.0,10.36,2.44,33.44,2.92,12.2,0.96,1.4,17.12,11.68,0.84,0.0,1.88,7.08,11.0,8.56,6.32,3.28,2.24,12.2,1.6,5.52,1.28,4.76,7.36,7.12,5.32,3.88,4.8,3.92,8.88,0.36,5.56,1.48,2.8,15.28,14.96,12.08,3.56,3.64,0.6,2.12,19.96,2.48,11.48,2.4,1.44,3.2,0.0,1.2,3.92,1.56,0.56,1.76,0.6,2.96,1.0,0.6,5.28,1.04,18.28,18.6,8.68,5.28,8.0,5.84,8.12,13.52,9.84,22.84,7.92,3.04,3.32,1.44,0.16,1.16,1.72,1.6,1.6,3.08,1.04,1.4,14.24,3.2,4.76,3.84,7.52,6.04,0.16,5.12,3.2,0.12,3.28,2.36,3.04,4.2,6.56,0.48,3.68,3.76,3.96,5.4,14.32,2.6,0.48,0.92,7.68,3.12,3.64,5.44,3.88,16.04,3.36,8.12,0.32,2.12,2.2,4.52,1.92,0.0,2.64,9.28,3.36,2.8,8.84,0.0,1.52,7.88,2.88,1.12,0.64,3.92,0.4,0.0,0.56,0.24,1.28,5.16,5.88,1.72,1.68,3.8,0.4,5.0,13.04,5.44,1.56,0.6,2.96,12.56,0.52,3.68,7.92,76.16,113.68,2.12,2.8,3.92,5.68,6.12,4.28,2.64,1.12,1.8,6.8,2.08,2.2,1.56,0.2,1.08,3.12,0.32,6.0,2.92,3.28,3.8,0.64,4.24,1.4,5.4,0.56,4.32,8.44,4.76,1.0,11.76,7.08,2.8,10.96,19.44,9.2,1.76,7.08,1.32,0.12,1.76,3.64,4.64,9.52,9.48,32.92,0.32,2.56,2.32,9.68,1.8,20.6,8.92,1.4,1.56,3.2,27.28,0.0,14.56,0.24,0.44,3.52,2.56,0.16,1.88,1.4,5.88,3.84,0.0,4.28,14.04,1.2,2.8,13.72,18.72,2.92,5.68,12.76,5.24,10.68,4.76,5.2,2.8,10.88,3.76,7.16,5.32,0.44,10.76,0.0,0.0,0.44,12.88,2.44,12.44,5.68,1.36,5.52,3.56,3.16,0.44,2.04,0.96,5.6,13.28,1.0,1.4,11.24,9.56,1.72,5.8,0.08,1.56,1.4,3.96,1.2,1.04,4.84,9.36,0.0,4.24,19.16,3.0,1.28,0.92,11.48,10.6,25.12,12.12,5.32,6.0,0.0,14.28,1.84,0.2,2.16,8.32,0.96,2.76,0.0,2.4,17.52,0.52
0.0,0.0,0.0,0.0,0.0,0.0,0.0,0.0,0.0,0.0,0.0,0.0,0.0,0.0,0.0,0.0,0.0,0.0,0.0,0.0,0.0,0.0,0.0,0.0,0.0,0.0,0.0,0.0,0.0,0.0,0.0,0.0,0.0,0.0,0.0,0.0,0.0,0.0,0.0,0.0,0.0,0.0,0.0,0.0,0.0,0.0,0.0,0.0,0.0,0.0,0.0,0.0,0.0,0.0,0.0,0.0,0.0,0.0,0.0,0.0,0.0,0.0,0.0,0.0,0.0,0.0,0.0,0.0,0.0,0.0,0.0,0.0,0.0,0.0,0.0,0.0,0.0,0.0,0.0,0.0,0.0,0.0,0.0,0.0,0.0,0.0,0.0,0.0,0.0,0.0,0.0,0.0,0.0,0.0,0.0,0.0,0.0,0.0,0.0,0.0,0.0,0.0,0.0,0.0,0.0,0.0,0.0,0.0,0.0,0.0,0.0,0.0,0.0,0.0,0.0,0.0,0.0,0.0,0.0,0.0,0.0,0.0,0.0,0.0,0.0,0.0,0.0,0.0,0.0,0.0,0.0,0.0,0.0,0.0,0.0,0.0,0.0,0.0,0.0,0.0,0.0,0.0,0.0,0.0,0.0,0.0,0.0,0.0,0.0,0.0,0.0,0.0,0.0,0.0,0.0,0.0,0.0,0.0,0.0,0.0,0.0,0.0,0.0,0.0,0.0,0.0,0.0,0.0,0.0,0.0,0.0,0.0,0.0,0.0,0.0,0.0,0.0,0.0,0.0,0.0,0.0,0.0,0.0,0.0,0.0,0.0,0.0,0.0,0.0,0.0,0.0,0.0,0.0,0.0,0.0,0.0,0.0,0.0,0.0,0.0,0.0,0.0,0.0,0.0,0.0,0.0,0.0,0.0,0.0,0.0,0.0,0.0,0.0,0.0,0.0,0.0,0.0,0.0,0.0,0.0,0.0,0.0,0.0,0.0,0.0,0.0,0.0,0.0,0.0,0.0,0.0,0.0,0.0,0.0,0.0,0.0,0.0,0.0,0.0,0.0,0.0,0.0,0.0,0.0,0.0,0.0,0.0,0.0,0.0,0.0,0.0,0.0,0.0,0.0,0.0,0.0,0.0,7.52,0.0,0.0,0.0,0.0,0.0,0.0,0.0,0.0,0.0,0.0,0.0,0.0,0.0,0.0,0.0,0.0,0.0,0.0,0.0,0.0,0.0,0.0,0.0,0.0,0.0,0.0,0.0,0.0,0.0,0.0,0.0,0.0,0.0,0.0,0.0,0.0,0.0,0.0,0.0,0.0,0.0,0.0,0.0,0.0,0.0,0.0,0.0,0.0,0.0,0.0,0.0,0.0,0.0,0.0,0.0,0.0,0.0,0.0,0.0,0.0,0.0,0.0,0.0,0.0,0.0,0.0,0.0,0.0,0.0,0.0,0.0,0.0,0.0,0.0,0.0,0.0,0.0,0.0,0.0,0.0,0.0,0.0,0.0,0.0,0.0,0.0,0.0,0.0,0.0,0.0,0.0,0.0,0.0,0.0,0.0,0.0,0.0,0.0,0.0,0.0,0.0,0.0,0.0,0.0,0.0,0.0,0.0,0.0,0.0,0.0,0.0,0.0,0.0,0.0,0.0,0.0,0.0,0.0,0.0,0.0,0.0,0.0,0.0,0.0,0.0,0.0,0.0,0.0,0.0,0.0,0.0,0.0,0.0,0.0,0.0,0.0,0.0,0.0,0.0,0.0,0.0,0.0,0.0,0.0,0.0,0.0,0.0,0.0,0.0,0.0,0.0,0.0,0.0,0.0,0.0,0.0,0.0,0.0,0.0,0.0,0.0,0.0,0.0,0.0,0.0,0.0,0.0,0.0,0.0,0.0,0.0,0.0,0.0,0.0,0.0,0.0,0.0,0.0,0.0,0.0,0.0,0.0,0.0,0.0,0.0,0.0,0.0,0.0,0.0,0.0,0.0,0.0,0.0,0.0,0.0,0.0,0.0,0.0,0.0,0.0,0.0,0.0,0.0,0.0,0.0,0.0,0.0,0.0,0.0,0.0,0.0,0.0,0.0
0.48,13.12,14.28,0.0,0.6,0.76,9.84,0.36,12.64,17.32,12.48,1.52,5.16,7.2,9.12,5.24,7.36,17.2,5.88,4.96,4.28,6.16,9.84,6.0,16.8,6.84,0.0,1.36,0.88,0.0,0.0,1.96,1.76,8.92,3.56,0.4,0.24,3.6,5.16,5.04,12.08,0.56,0.32,5.52,0.48,6.96,15.16,0.52,0.0,5.04,0.0,4.16,0.08,1.92,8.32,5.08,0.36,5.84,3.6,0.0,0.0,0.0,0.64,1.84,2.08,12.36,0.0,0.32,0.64,11.88,4.32,0.0,0.4,1.4,6.52,0.0,5.8,0.12,6.24,0.0,0.32,3.96,1.4,1.68,0.0,3.8,10.12,0.84,1.6,1.64,5.68,5.32,1.12,3.68,0.72,0.68,3.8,4.6,0.96,1.28,2.44,2.24,2.68,10.64,2.64,4.4,0.0,2.8,1.24,4.48,8.08,2.8,0.4,1.72,4.88,6.16,10.08,1.4,18.8,0.8,5.56,23.32,0.96,5.24,6.12,5.28,5.4,0.0,4.24,0.24,8.52,4.08,1.0,1.28,5.92,24.56,7.32,0.88,1.44,2.8,8.08,3.6,3.12,13.36,2.68,4.72,16.64,12.08,2.44,0.2,27.92,12.48,0.96,1.12,0.68,12.36,5.36,2.2,7.84,1.52,7.2,7.64,0.32,2.72,1.04,5.4,12.92,4.8,1.2,5.88,1.68,4.36,8.28,1.68,6.52,9.8,28.84,1.0,10.52,0.68,0.68,47.84,11.2,5.84,0.12,12.96,3.96,23.64,6.12,8.28,12.08,0.32,8.44,2.52,15.28,2.76,3.04,2.16,2.76,8.72,2.08,10.8,8.2,2.32,0.96,9.4,1.12,1.44,3.08,19.84,20.28,10.32,9.28,6.12,3.4,8.72,1.12,19.44,0.88,4.04,7.36,2.08,6.4,6.96,7.72,3.76,1.12,0.2,7.04,0.8,1.52,11.52,6.16,3.6,10.08,16.44,18.8,39.32,5.12,5.36,7.64,4.44,3.32,2.52,6.52,11.92,2.8,1.12,2.72,4.24,1.92,4.68,4.08,4.08,3.48,3.6,0.32,4.2,1.32,14.76,8.04,2.36,0.88,4.12,2.72,4.08,3.68,2.28,9.72,5.04,8.08,4.88,1.72,3.96,3.28,1.36,10.76,1.16,0.24,6.0,1.28,2.84,6.6,0.04,6.76,6.2,14.52,3.32,3.24,1.2,2.48,1.72,0.32,4.92,1.88,5.16,3.6,5.16,1.04,3.8,8.48,5.6,0.2,2.48,16.44,0.88,0.6,0.12,3.2,1.96,7.8,3.44,9.84,6.2,5.56,1.6,3.4,14.56,5.68,2.08,1.2,3.36,6.32,2.4,8.32,4.2,2.56,2.84,2.64,2.04,7.16,2.4,9.84,5.8,3.88,2.48,8.84,2.2,4.8,6.16,4.32,1.44,1.72,0.16,4.8,5.08,2.56,3.48,0.28,1.64,2.36,3.72,10.12,1.24,4.52,9.76,7.4,3.44,17.36,16.64,36.24,34.0,36.8,34.24,1.28,44.84,23.2,0.0,22.52,38.08,24.08,29.4,54.52,178.76,20.04,8.88,11.68,51.76,2.96,8.64,5.68,8.92,5.48,7.96,11.68,0.0,17.8,8.92,1.4,1.88,3.84,6.72,6.12,7.6,6.36,8.12,7.16,16.76,9.48,1.04,4.8,33.68,15.28,2.8,4.32,12.0,5.28,14.96,17.04,21.08,7.36,7.2,4.68,19.32,12.8,0.28,1.76,0.0,0.0,0.52,13.72,23.84,13.16,11.88,4.52,2.4,12.6,4.88,9.76,0.76,2.76,5.6,16.68,2.2,3.92,7.84,13.24,3.16,3.72,1.92,9.8,1.48,10.44,2.28,2.6,13.24,11.64,2.88,3.84,31.48,0.64,2.12,2.0,21.52,2.04,17.4,6.56,3.92,9.88,0.0,5.96,7.12,1.96,2.92,7.88,3.56,0.48,0.56,4.32,14.0,0.04
0.0,0.0,0.0,0.0,0.0,0.0,0.0,0.0,0.0,0.0,0.0,0.0,0.0,0.0,0.0,0.0,0.0,0.0,0.0,0.0,0.0,0.0,0.0,0.0,0.0,0.0,0.0,0.0,0.0,0.0,0.0,0.0,0.0,0.0,0.0,0.0,0.0,0.0,0.0,0.0,0.0,0.0,0.0,0.0,0.0,0.0,0.0,0.0,0.0,0.0,0.0,0.0,0.0,0.0,0.0,0.0,0.0,0.0,0.0,0.0,0.0,0.0,0.0,0.0,0.0,0.0,0.0,0.0,0.0,0.0,0.0,0.0,0.0,0.0,0.0,0.0,0.0,0.0,0.0,0.0,0.0,0.0,0.0,0.0,0.0,0.0,0.0,0.0,0.0,0.0,0.0,0.0,0.0,0.0,0.0,0.0,0.0,0.0,0.0,0.0,0.0,0.0,0.0,0.0,0.0,0.0,0.0,0.0,0.0,0.0,0.0,0.0,0.0,0.0,0.0,0.0,0.0,0.0,0.0,0.0,0.0,0.0,0.0,0.0,0.0,0.0,0.0,0.0,0.0,0.0,0.0,0.0,0.0,0.0,0.0,0.0,0.0,0.0,0.0,0.0,0.0,0.0,0.0,0.0,0.0,0.0,0.0,0.0,0.0,0.0,0.0,0.0,0.0,0.0,0.0,0.0,0.0,0.0,0.0,0.0,0.0,0.0,0.0,0.0,0.0,0.0,0.0,0.0,0.0,0.0,0.0,0.0,0.0,0.0,0.0,0.0,0.0,0.0,0.0,0.0,0.0,0.0,0.0,0.0,0.0,0.0,0.0,0.0,0.0,0.0,0.0,0.0,0.0,0.0,0.0,0.0,0.0,0.0,0.0,0.0,0.0,0.0,0.0,0.0,0.0,0.0,0.0,0.0,0.0,0.0,0.0,0.0,0.0,0.0,0.0,0.0,0.0,0.0,0.0,0.0,0.0,0.0,0.0,0.0,0.0,0.0,0.0,0.0,0.0,0.0,0.0,0.0,0.0,0.0,0.0,0.0,0.0,0.0,0.0,0.0,0.0,0.0,0.0,0.0,0.0,0.0,0.0,0.0,0.0,0.0,0.0,0.0,0.0,0.0,0.0,0.0,0.0,0.0,0.0,0.0,0.0,0.0,0.0,0.0,0.0,0.0,0.0,0.0,0.0,0.0,0.0,0.0,0.0,0.0,0.0,0.0,0.0,0.0,0.0,0.0,0.0,0.0,0.0,0.0,0.0,0.0,0.0,0.0,0.0,0.0,0.0,0.0,0.0,0.0,0.0,0.0,0.0,0.0,0.0,0.0,0.0,0.0,0.0,0.0,0.0,0.0,0.0,0.0,0.0,0.0,0.0,0.0,0.0,0.0,0.0,0.0,0.0,0.0,0.0,0.0,0.0,0.0,0.0,0.0,0.0,0.0,0.0,0.0,0.0,0.0,0.0,0.0,0.0,0.0,0.0,0.0,0.0,0.0,0.0,0.0,0.0,0.0,0.0,0.0,0.0,0.0,0.0,0.0,0.0,0.0,0.0,0.0,0.0,0.0,0.0,0.0,0.0,0.0,0.0,0.0,0.0,0.0,0.0,0.0,0.0,0.0,0.0,0.0,0.0,0.0,0.0,0.0,0.0,0.0,0.0,0.0,0.0,0.0,0.0,0.0,0.0,0.0,0.0,0.0,0.0,0.0,0.0,0.0,0.0,0.0,0.0,0.0,0.0,0.0,0.0,0.0,0.0,0.0,0.0,0.0,0.0,0.0,0.0,0.0,0.0,0.0,0.0,0.0,0.0,0.0,0.0,0.0,0.0,0.0,0.0,0.0,0.0,0.0,0.0,0.0,0.0,0.0,0.0,0.0,0.0,0.0,0.0,0.0,0.0,0.0,0.0,0.0,0.0,0.0,0.0,0.0,0.0,0.0,0.0,0.0,0.0,0.0,0.0,0.0,0.0,0.0,0.0,0.0,0.0,0.0,0.0,0.0,0.0,0.0,0.0,0.0,0.0,0.0,0.0,0.0,0.0,0.0,0.0,0.0,0.0,0.0,0.0,0.0,0.0,0.0,0.0
0.84,0.24,0.32,0.0,1.52,0.0,1.64,0.2,0.0,0.4,0.0,2.64,0.0,0.68,0.0,0.0,0.0,0.04,0.0,0.0,0.0,0.0,2.0,0.0,0.0,0.04,0.0,0.0,1.2,0.0,0.0,0.32,0.16,0.0,0.64,0.16,0.0,1.0,1.68,0.0,1.32,0.0,0.0,0.16,0.0,0.0,0.0,0.0,0.0,0.16,0.0,0.0,0.0,0.56,1.52,0.52,0.04,0.0,0.0,0.0,0.0,0.0,0.0,0.0,1.68,0.08,0.0,0.0,0.0,0.0,0.0,0.0,0.0,0.0,0.0,0.0,0.0,0.16,0.0,0.0,0.0,0.0,0.0,0.0,0.0,1.28,0.0,0.0,0.0,0.0,0.0,0.0,0.0,0.6,0.0,0.0,0.0,0.24,0.0,0.0,0.0,0.0,0.48,0.12,0.0,0.0,0.0,0.0,0.0,0.0,0.12,0.0,0.0,0.0,0.0,0.0,0.0,0.36,0.28,0.24,0.0,5.24,0.0,0.48,0.0,0.6,0.0,0.0,0.0,0.0,0.0,0.12,0.84,0.2,0.0,1.6,36.88,1.12,0.0,0.0,0.48,0.2,0.36,1.0,1.16,0.8,0.44,0.16,0.0,0.0,0.32,0.32,0.0,0.96,0.76,0.24,0.6,0.0,0.0,0.0,0.0,0.44,0.0,0.0,0.2,0.0,0.0,0.0,0.28,0.0,0.0,0.0,0.4,0.28,0.12,0.44,0.84,0.0,0.0,0.6,0.0,0.16,0.84,0.0,0.0,0.28,0.24,1.2,0.0,0.0,1.52,0.0,2.24,0.0,5.68,0.2,0.0,0.88,6.92,8.32,0.4,0.44,0.72,0.64,0.0,1.92,0.48,0.92,1.2,0.68,1.24,0.0,0.96,0.0,0.0,0.48,0.96,0.16,0.0,0.0,0.08,0.0,0.24,0.32,0.0,0.32,1.4,0.24,0.0,0.0,0.28,0.16,0.72,1.48,1.0,1.4,0.0,0.2,3.52,0.32,3.72,0.48,0.56,0.4,2.08,0.52,0.0,0.0,0.16,0.12,0.0,0.0,0.96,0.0,1.32,0.0,0.08,0.0,0.0,1.24,0.88,0.0,0.52,0.0,0.0,0.2,0.72,0.0,0.0,0.24,0.68,0.0,0.88,0.8,0.44,1.56,0.76,0.32,0.0,0.0,0.0,0.68,0.24,0.0,0.52,0.72,0.72,0.0,0.0,0.0,0.96,0.0,0.0,0.0,0.0,0.0,0.08,0.36,0.0,0.0,1.08,0.08,0.0,0.0,0.0,0.0,0.0,0.0,0.36,0.0,0.0,0.6,0.0,0.08,0.0,0.0,0.0,0.4,0.48,0.48,0.0,0.16,0.4,0.28,0.16,1.36,3.08,0.56,0.92,0.0,0.48,0.72,0.52,0.32,0.6,2.28,0.0,1.6,1.88,0.32,1.48,0.0,0.0,0.0,0.0,0.52,0.0,1.72,0.0,0.12,0.76,0.48,0.44,0.0,0.28,0.28,0.48,0.0,11.04,0.72,2.12,1.04,0.0,0.0,0.0,0.16,0.36,0.0,0.0,0.12,0.0,0.0,1.92,0.92,0.2,0.2,0.0,10.48,0.0,1.08,0.88,0.0,8.52,0.4,0.24,0.0,0.0,0.32,0.0,0.0,0.0,0.0,2.96,0.0,2.08,0.0,0.76,0.0,2.36,2.6,0.12,1.28,0.0,0.92,2.2,0.64,0.64,0.0,0.8,0.0,0.0,0.08,0.76,0.0,0.84,0.0,0.0,0.0,0.0,0.04,1.04,2.92,0.12,0.32,0.52,0.0,0.56,6.2,0.0,0.2,0.0,0.48,3.12,0.0,0.0,2.88,3.92,0.4,0.0,0.0,0.0,0.0,0.24,0.0,0.0,0.72,0.0,0.0,0.0,0.88,0.0,0.0,0.0,3.56,0.76,0.6,0.76,0.08,0.0,0.0,2.04,0.16,0.0,0.0,0.0,0.08,0.0,0.0,0.0,0.0,0.0
0.56,0.12,0.2,0.0,0.0,0.0,0.68,0.0,0.08,0.6,0.0,0.0,0.28,0.0,0.0,1.76,0.56,0.36,0.0,0.52,2.64,0.28,0.64,0.0,0.16,0.0,0.0,0.0,0.0,0.0,5.04,0.0,0.0,1.28,1.24,0.0,0.0,3.72,0.8,0.68,1.92,0.08,0.0,1.04,0.12,0.0,0.48,0.0,0.0,0.0,0.0,0.0,2.68,0.0,0.96,0.12,0.0,0.0,0.0,0.0,0.0,0.0,0.28,0.0,0.24,0.0,0.0,0.0,0.0,0.12,0.0,0.0,0.0,0.0,0.0,0.0,0.0,0.0,0.84,0.64,0.0,0.0,0.0,0.36,0.0,0.0,0.0,0.0,0.0,0.0,0.08,1.48,0.0,0.0,0.0,0.0,0.0,0.04,0.28,0.0,0.0,0.12,1.04,0.6,0.12,0.0,0.0,0.0,0.0,0.0,0.12,0.32,0.0,0.0,0.0,0.76,0.0,0.0,0.0,0.12,0.0,0.96,0.0,0.08,0.48,2.4,0.04,0.0,0.12,0.0,0.04,0.12,0.88,0.0,0.8,0.76,5.4,0.32,0.0,0.0,0.08,1.8,0.2,0.0,0.0,0.88,1.16,0.48,0.08,0.08,1.56,0.88,0.28,0.4,0.96,1.36,1.6,0.0,0.68,0.0,0.12,0.28,0.0,0.0,0.56,0.44,0.32,0.0,0.08,0.32,1.08,0.0,0.68,0.4,0.0,0.48,0.44,0.04,1.8,0.44,0.68,0.48,0.44,0.0,0.0,0.88,0.0,0.8,1.0,0.08,0.0,0.0,1.12,0.16,0.64,0.16,1.0,2.52,1.16,0.52,0.0,0.84,0.28,0.0,0.04,1.68,1.04,0.0,0.12,1.12,0.04,0.16,0.56,0.0,0.0,0.0,1.76,0.8,0.16,2.4,0.0,0.84,0.32,0.28,2.28,0.28,0.0,2.36,0.0,0.0,0.0,1.8,0.2,2.92,0.52,1.28,0.56,2.44,3.44,0.32,0.16,9.8,0.8,0.0,1.0,0.0,0.88,0.0,0.56,0.24,0.16,0.28,1.04,0.12,0.12,0.28,0.0,0.12,0.52,1.0,4.56,0.08,0.24,1.16,0.08,4.12,0.64,2.16,0.8,5.56,4.12,0.48,0.88,0.92,0.88,0.88,0.92,0.0,0.2,0.0,0.32,1.16,1.28,0.0,1.4,2.48,0.96,0.0,0.52,0.12,0.0,1.16,0.0,2.72,0.0,3.0,0.56,0.68,0.2,0.76,1.88,0.16,0.0,0.0,0.0,0.0,0.0,0.0,0.2,0.72,2.04,0.12,0.68,1.12,0.4,0.0,0.04,1.8,3.44,0.12,0.16,1.04,0.56,2.16,1.08,1.68,1.24,0.6,0.32,0.36,1.2,0.76,1.28,0.0,3.36,1.8,1.24,0.32,0.64,0.0,0.8,1.04,0.12,0.0,0.2,0.16,0.32,0.0,0.0,0.0,2.24,0.84,5.28,0.0,0.6,2.04,9.88,0.16,2.36,1.2,6.56,0.0,0.0,1.08,0.04,0.0,0.0,0.0,0.44,0.0,0.0,8.08,1.24,0.0,0.68,0.0,0.0,2.88,0.0,0.4,0.0,0.0,0.0,1.6,4.16,0.0,1.92,0.2,0.44,0.0,0.0,0.0,2.84,0.0,1.0,0.16,0.8,1.68,6.0,0.28,0.64,2.84,0.96,0.24,0.72,0.16,0.44,6.68,0.16,0.84,0.0,6.12,0.32,0.0,1.6,0.0,0.0,0.0,0.0,0.0,1.6,4.52,1.64,0.2,0.2,0.08,0.0,0.24,0.36,0.0,0.0,2.4,2.0,3.32,0.2,0.84,1.92,0.16,1.12,0.12,0.36,0.0,1.52,0.0,0.36,0.12,0.12,0.0,0.0,0.84,0.0,0.0,0.96,9.08,0.04,0.0,4.36,0.8,0.44,0.0,0.72,0.8,0.48,0.12,0.4,0.24,0.0,0.0,0.52,4.04,0.0
0.0,0.0,0.0,0.0,0.0,0.0,0.0,0.0,0.0,0.0,0.0,0.0,0.0,0.0,0.0,0.0,0.0,0.0,0.0,0.0,0.0,0.0,0.0,0.0,0.0,0.0,0.0,0.0,0.0,0.0,0.0,0.0,0.0,0.0,0.0,0.0,0.0,0.0,0.0,0.0,0.0,0.0,0.0,0.0,0.0,0.0,0.0,0.0,0.0,0.0,0.0,0.0,0.0,0.0,0.0,0.0,0.0,0.0,0.0,0.0,0.0,0.0,0.0,0.0,0.0,0.0,0.0,0.0,0.0,0.0,0.0,0.0,0.0,0.0,0.0,0.0,0.0,0.0,0.0,0.0,0.0,0.0,0.0,0.0,0.0,0.0,0.0,0.0,0.0,0.0,0.0,0.0,0.0,0.0,0.0,0.0,0.0,0.0,0.0,0.0,0.0,0.0,0.0,0.0,0.0,0.0,0.0,0.0,0.0,0.0,0.0,0.0,0.0,0.0,0.0,0.0,0.0,0.0,0.0,0.0,0.0,0.0,0.0,0.0,0.0,0.0,0.0,0.0,0.0,0.0,0.0,0.0,0.0,0.0,0.0,0.0,0.0,0.0,0.0,0.0,0.0,0.0,0.0,0.0,0.0,0.0,0.0,0.0,0.0,0.0,0.0,0.0,0.0,0.0,0.0,0.0,0.0,0.0,0.0,0.0,0.0,0.0,0.0,0.0,0.0,0.0,0.0,0.0,0.0,0.0,0.0,0.0,0.0,0.0,0.0,0.0,0.0,0.0,0.0,0.0,0.0,0.0,0.0,0.0,0.0,0.0,0.0,0.0,0.0,0.0,0.0,0.0,0.0,0.0,0.0,0.0,0.0,0.0,0.0,0.0,0.0,0.0,0.0,0.0,0.0,0.0,0.0,0.0,0.0,0.0,0.0,0.0,0.0,0.0,0.0,0.0,0.0,0.0,0.0,0.0,0.0,0.0,0.0,0.0,0.0,0.0,0.0,0.0,0.0,0.0,0.0,0.0,0.0,0.0,0.0,0.0,0.0,0.0,0.0,0.0,0.0,0.0,0.0,0.0,0.0,0.0,0.0,0.0,0.0,0.0,0.0,0.0,0.0,0.0,0.0,0.0,0.0,0.0,0.0,0.0,0.0,0.0,0.0,0.0,0.0,0.0,0.0,0.0,0.0,0.0,0.0,0.0,0.0,0.0,0.0,0.0,0.0,0.0,0.0,0.0,0.0,0.0,0.0,0.0,0.0,0.0,0.0,0.0,0.0,0.0,0.0,0.0,0.0,0.0,0.0,0.0,0.0,0.0,0.0,0.0,0.0,0.0,0.0,0.0,0.0,0.0,0.0,0.0,0.0,0.0,0.0,0.0,0.0,0.0,0.0,0.0,0.0,0.0,0.0,0.0,0.0,0.0,0.0,0.0,0.0,0.0,0.0,0.0,0.0,0.0,0.0,0.0,0.0,0.0,0.0,0.0,0.0,0.0,0.0,0.0,0.0,0.0,0.0,0.0,0.0,0.0,0.0,0.0,0.0,0.0,0.0,0.0,0.0,0.0,0.0,0.0,0.0,0.0,0.0,0.0,0.0,0.0,0.0,0.0,0.0,0.0,0.0,0.0,0.0,0.0,0.0,0.0,0.0,0.0,0.0,0.0,0.0,0.0,0.0,0.0,0.0,0.0,0.0,0.0,0.0,0.0,0.0,0.0,0.0,0.0,0.0,0.0,0.0,0.0,0.0,0.0,0.0,0.0,0.0,0.0,0.0,0.0,0.0,0.0,0.0,0.0,0.0,0.0,0.0,0.0,0.0,0.0,0.0,0.0,0.0,0.0,0.0,0.0,0.0,0.0,0.0,0.0,0.0,0.0,0.0,0.0,0.0,0.0,0.0,0.0,0.0,0.0,0.0,0.0,0.0,0.0,0.0,0.0,0.0,0.0,0.0,0.0,0.0,0.0,0.0,0.0,0.0,0.0,0.0,0.0,0.0,0.0,0.0,0.0,0.0,0.0,0.0,0.0,0.0,0.0,0.0,0.0,0.0,0.0,0.0,0.0,0.0,0.0,0.0,0.0,0.0
3.52,2.64,1.72,0.0,0.2,0.28,9.4,0.0,0.88,6.04,0.76,1.48,0.0,1.2,0.0,0.92,1.64,0.8,0.0,2.56,0.16,0.0,0.44,1.24,0.64,0.0,0.0,5.04,1.92,0.8,0.0,0.84,3.44,3.6,1.2,0.2,0.0,0.72,1.84,4.36,11.64,0.2,0.08,4.56,0.04,0.12,0.12,0.2,0.0,1.96,0.0,0.64,0.0,0.6,3.84,0.92,0.28,0.12,0.0,0.0,0.0,0.0,0.8,3.2,1.64,1.52,0.0,0.56,0.4,1.0,0.0,0.0,0.0,0.0,0.0,1.08,0.6,0.0,0.0,1.0,0.0,2.64,2.84,0.2,0.0,2.2,0.4,1.08,0.2,0.52,1.08,3.04,0.0,0.0,0.64,1.04,1.32,2.52,1.44,0.76,0.0,0.0,0.0,2.56,0.28,3.92,0.0,0.0,0.64,0.24,2.0,0.2,0.0,0.4,0.12,1.44,0.6,1.16,2.04,0.56,0.76,3.28,0.0,0.24,0.52,2.96,0.32,0.0,0.68,0.28,1.2,1.68,9.28,0.28,1.8,3.92,50.24,1.04,0.0,0.0,0.48,3.92,0.16,2.64,0.36,2.48,1.08,2.12,0.68,0.0,1.52,1.4,0.72,0.52,0.6,0.68,1.76,3.48,0.2,0.12,0.24,0.2,0.0,0.0,4.16,0.0,0.4,0.16,0.0,0.12,0.0,0.32,0.92,4.04,0.68,1.64,1.48,0.52,0.24,3.6,0.48,5.16,0.72,0.0,0.0,0.2,1.32,6.76,0.6,1.36,0.64,0.0,3.2,0.24,3.12,0.72,2.92,6.12,5.28,21.72,0.0,1.28,2.52,0.2,0.16,1.68,0.0,0.0,0.16,0.16,1.76,1.36,1.08,0.0,0.24,1.12,1.6,1.24,0.36,0.24,0.88,0.0,1.2,1.36,0.6,0.6,0.36,0.32,0.48,0.0,3.32,0.72,2.96,5.4,0.6,3.04,0.48,2.76,2.44,1.08,5.24,10.68,4.04,18.2,1.6,0.72,0.84,0.08,0.6,0.48,0.0,2.04,0.96,0.76,15.04,1.92,0.6,0.8,0.4,1.36,3.36,3.72,1.92,0.12,0.28,1.72,0.52,0.68,1.32,1.52,1.28,0.32,0.28,3.2,3.0,2.52,1.36,0.4,0.32,0.92,3.44,10.6,0.0,0.64,1.52,1.2,0.68,0.4,4.08,0.0,0.0,0.32,0.2,0.76,0.0,1.68,0.72,0.2,0.0,0.44,0.64,0.76,0.12,1.4,0.64,0.04,0.0,0.04,0.44,0.0,1.2,1.08,0.0,0.6,0.52,0.64,1.56,0.36,1.72,0.24,0.28,0.84,3.2,0.52,1.04,2.76,6.08,2.8,0.84,5.88,1.88,4.32,5.64,0.68,8.28,2.32,0.36,3.52,1.8,0.16,3.32,3.36,4.44,0.6,1.08,4.76,0.8,1.48,0.84,0.32,3.36,0.44,2.68,0.44,1.2,1.68,5.56,3.32,17.12,2.24,5.48,0.44,5.2,1.44,1.12,0.0,0.0,0.0,0.0,3.32,0.0,1.16,2.44,5.72,0.12,0.0,0.0,5.16,0.12,0.36,1.68,0.56,0.72,0.48,0.96,0.0,1.52,0.0,0.36,0.28,0.84,1.6,2.2,1.48,1.76,1.72,0.2,0.88,0.32,3.72,0.4,8.68,0.84,0.16,1.36,0.88,0.4,0.96,1.44,0.56,0.0,5.12,0.68,0.76,2.0,0.0,0.72,0.0,0.0,0.0,10.16,2.16,8.96,2.92,1.04,0.28,1.08,1.16,1.12,2.72,0.64,4.32,1.36,4.96,1.08,3.56,2.0,0.6,0.84,0.0,3.0,0.0,2.36,0.64,0.24,3.76,1.44,0.48,0.32,8.84,0.12,0.8,0.24,3.6,1.24,0.4,3.88,4.88,2.4,0.0,8.72,6.28,1.52,0.0,1.32,0.0,4.2,0.0,0.72,3.2,0.0
0.0,0.0,0.0,0.0,0.0,0.0,0.0,0.0,0.0,0.0,0.0,0.0,0.0,0.0,0.0,0.0,0.0,0.0,0.0,0.0,0.0,0.0,0.0,0.0,0.0,0.0,0.0,0.0,0.0,0.0,0.0,0.0,0.0,0.0,0.0,0.0,0.0,0.0,0.0,0.0,0.0,0.0,0.0,0.0,0.0,0.0,0.0,0.0,0.0,0.0,0.0,0.0,0.0,0.0,0.0,0.0,0.0,0.0,0.0,0.0,0.0,0.0,0.0,0.0,0.0,0.0,0.0,0.0,0.0,0.0,0.0,0.0,0.0,0.0,0.0,0.0,0.0,0.0,0.0,0.0,0.0,0.0,0.0,0.0,0.0,0.0,0.0,0.0,0.0,0.0,0.0,0.0,0.0,0.0,0.0,0.0,0.0,0.0,0.0,0.0,0.0,0.0,0.0,0.0,0.0,0.0,0.0,0.0,0.0,0.0,0.0,0.0,0.0,0.0,0.0,0.0,0.0,0.0,0.0,0.0,0.0,0.0,0.0,0.0,0.0,0.0,0.0,0.0,0.0,0.0,0.0,0.0,0.0,0.0,0.0,0.0,0.0,0.0,0.0,0.0,0.0,0.0,0.0,0.0,0.0,0.0,0.0,0.0,0.0,0.0,0.0,0.0,0.0,0.0,0.0,0.0,0.0,0.0,0.0,0.0,0.0,0.0,0.0,0.0,0.0,0.0,0.0,0.0,0.0,0.0,0.0,0.0,0.0,0.0,0.0,0.0,0.0,0.0,0.0,0.0,0.0,0.0,0.0,0.0,0.0,0.0,0.0,0.0,0.0,0.0,0.0,0.0,0.0,0.0,0.0,0.0,0.0,0.0,0.0,0.0,0.0,0.0,0.0,0.0,0.0,0.0,0.0,0.0,0.0,0.0,0.0,0.0,0.0,0.0,0.0,0.0,0.0,0.0,0.0,0.0,0.0,0.0,0.0,0.0,0.0,0.0,0.0,0.0,0.0,0.0,0.0,0.0,0.0,0.0,0.0,0.0,0.0,0.0,0.0,0.0,0.0,0.0,0.0,0.0,0.0,0.0,0.0,0.0,0.0,0.0,0.0,0.0,0.0,0.0,0.0,0.0,0.0,0.0,0.0,0.0,0.0,0.0,0.0,0.0,0.0,0.0,0.0,0.0,0.0,0.0,0.0,0.0,0.0,0.0,0.0,0.0,0.0,0.0,0.0,0.0,0.0,0.0,0.0,0.0,0.0,0.0,0.0,0.0,0.0,0.0,0.0,0.0,0.0,0.0,0.0,0.0,0.0,0.0,0.0,0.0,0.0,0.0,0.0,0.0,0.0,0.0,0.0,0.0,0.0,0.0,0.0,0.0,0.0,0.0,0.0,0.0,0.0,0.0,0.0,0.0,0.0,0.0,0.0,0.0,0.0,0.0,0.0,0.0,0.0,0.0,0.0,0.0,0.0,0.0,0.0,0.0,0.0,0.0,0.0,0.0,0.0,0.0,0.0,0.0,0.0,0.0,0.0,0.0,0.0,0.0,0.0,0.0,0.0,0.0,0.0,0.0,0.0,0.0,0.0,0.0,0.0,0.0,0.0,0.0,0.0,0.0,0.0,0.0,0.0,0.0,0.0,0.0,0.0,0.0,0.0,0.0,0.0,0.0,0.0,0.0,0.0,0.0,0.0,0.0,0.0,0.0,0.0,0.0,0.0,0.0,0.0,0.0,0.0,0.0,0.0,0.0,0.0,0.0,0.0,0.0,0.0,0.0,0.0,0.0,0.0,0.0,0.0,0.0,0.0,0.0,0.0,0.0,0.0,0.0,0.0,0.0,0.0,0.0,0.0,0.0,0.0,0.0,0.0,0.0,0.0,0.0,0.28,0.0,0.0,0.0,0.0,0.0,0.0,0.0,0.0,0.0,0.0,0.0,0.0,0.0,0.0,0.0,0.0,0.0,0.0,0.0,0.0,0.0,0.0,0.0,0.0,0.0,0.0,0.0,0.0,0.0,0.0,0.0,0.0,0.0,0.0,0.0,0.0,0.0,0.0,0.0,0.0,0.0,0.0,0.0,0.0
0.0,0.0,0.08,0.0,0.0,0.0,0.0,0.0,0.0,0.0,0.0,0.24,0.08,0.0,0.0,0.0,0.0,0.0,0.0,0.0,0.0,0.0,0.0,0.0,0.0,1.16,0.0,0.0,0.0,0.0,0.0,0.0,0.0,0.04,0.0,0.08,0.0,0.0,0.0,0.0,0.84,0.0,0.0,0.0,0.0,0.0,0.0,0.0,0.0,0.24,0.0,0.0,0.0,0.0,0.8,0.0,0.0,0.08,0.0,0.0,0.0,0.0,0.0,0.0,0.4,0.0,0.0,0.0,0.28,0.0,0.0,0.0,0.0,0.0,0.0,0.0,0.16,0.0,0.0,0.16,0.0,0.0,0.0,0.0,0.0,0.0,0.0,0.0,0.0,0.44,0.04,0.08,0.0,0.0,0.0,0.28,0.0,0.0,0.0,0.0,0.0,0.0,0.0,0.0,0.0,0.0,0.0,0.0,0.0,0.0,0.12,0.0,0.0,0.0,0.0,0.0,0.0,0.0,0.0,0.0,0.0,0.24,0.0,0.0,0.16,0.52,0.0,0.0,0.0,0.0,0.0,0.0,1.24,0.0,0.0,0.68,22.84,0.0,0.0,0.0,0.76,0.0,0.0,0.28,0.2,0.12,0.0,0.0,0.0,0.0,0.32,0.92,0.0,0.0,0.8,0.28,0.4,0.0,0.0,0.0,0.64,0.36,0.12,0.0,0.0,0.0,0.12,0.0,0.0,0.0,0.0,0.0,0.0,0.0,0.0,0.28,0.44,0.0,0.0,0.0,0.12,0.08,0.0,0.0,0.0,0.0,0.0,0.4,0.12,0.28,0.0,0.0,0.0,0.0,0.0,0.0,0.0,1.84,2.72,3.04,0.28,0.24,0.08,1.52,0.16,1.96,0.0,0.0,0.0,0.0,0.0,0.0,0.0,0.0,0.0,0.0,0.68,0.2,0.0,0.0,0.0,0.0,0.0,0.0,0.0,0.0,0.0,0.32,0.0,0.0,0.0,0.0,0.0,0.8,0.48,0.08,0.6,0.0,0.0,0.0,1.64,0.0,0.04,0.28,0.0,0.88,0.24,0.0,0.0,0.4,1.48,0.48,0.08,0.24,0.24,0.0,0.0,0.8,0.24,0.0,0.56,0.44,0.0,0.0,0.0,0.88,1.12,0.0,0.0,0.0,0.28,0.0,0.0,1.04,0.24,0.0,0.0,0.0,0.0,0.0,0.0,4.84,0.24,0.0,0.12,0.0,0.0,0.32,0.24,0.0,0.0,0.0,0.0,0.0,0.0,0.0,0.24,0.72,0.24,0.0,0.08,0.0,0.0,0.0,0.32,0.12,0.0,0.0,0.0,0.0,0.72,0.0,0.0,0.0,0.0,0.0,0.0,0.2,0.2,0.0,0.16,0.0,0.0,0.0,0.0,0.0,1.6,0.0,0.16,0.0,0.0,0.0,0.0,0.0,0.0,0.0,0.32,0.64,0.2,0.0,0.0,0.0,0.0,0.0,0.0,0.32,0.08,0.16,0.0,0.0,0.0,0.0,0.48,0.28,0.0,1.88,0.84,0.0,1.44,0.2,0.8,0.0,0.0,0.12,0.0,0.8,0.0,0.0,1.16,0.0,0.0,3.12,0.0,1.12,0.0,0.0,0.0,0.12,0.0,0.12,0.0,0.0,0.04,0.56,0.0,0.0,0.0,0.0,0.0,0.0,0.0,0.0,0.0,0.0,0.0,0.0,0.0,0.0,1.6,0.0,0.0,0.0,0.0,0.0,0.0,1.04,0.12,0.0,2.28,0.0,0.0,0.04,0.0,0.0,0.32,0.0,0.0,0.0,0.0,0.08,0.0,0.0,0.24,0.0,0.0,0.0,0.0,0.0,0.48,0.0,0.0,0.84,0.0,0.0,0.0,0.36,0.4,0.0,0.0,0.0,0.12,0.0,0.0,0.0,0.08,0.0,0.0,0.0,0.2,0.0,0.0,0.0,0.0,0.52,0.16,0.0,0.12,0.72,0.08,0.0,0.0,4.8,0.04,0.4,0.0,0.12,0.0,0.0,0.0,0.12,0.0
1.28,0.04,0.16,0.0,0.0,0.84,12.16,0.8,0.16,0.76,0.56,0.52,0.0,0.04,0.0,0.0,0.48,0.6,0.0,0.8,0.04,0.2,2.44,2.08,0.52,0.0,0.0,0.0,0.12,0.04,0.08,0.08,2.04,0.16,0.64,0.44,0.72,38.4,4.8,16.64,28.08,2.16,0.6,3.96,1.96,1.96,0.04,0.0,0.0,0.12,0.0,0.08,0.0,0.12,1.28,0.28,0.0,0.0,0.0,0.16,0.0,0.0,0.0,0.0,0.0,0.6,0.0,0.0,0.0,0.0,0.04,0.0,0.0,0.0,0.0,0.0,0.0,0.0,0.0,0.0,0.0,0.0,0.08,0.2,0.0,0.12,3.88,0.76,0.0,0.2,0.04,0.28,0.0,0.08,0.0,0.0,0.08,3.48,0.0,0.0,0.32,0.0,0.2,8.16,0.32,0.2,0.0,0.04,0.0,0.2,0.52,0.08,0.08,0.0,0.0,0.16,0.0,0.0,0.08,0.0,0.32,1.92,0.0,0.72,3.68,1.28,0.08,0.0,0.04,0.0,0.32,1.32,0.68,1.04,1.68,9.92,13.64,8.08,0.0,0.0,1.52,0.04,0.12,2.12,0.52,9.44,3.0,1.52,0.04,0.08,0.96,1.32,0.04,3.4,0.88,8.4,0.2,0.04,1.12,0.0,0.04,3.32,0.48,0.12,0.04,0.12,1.2,1.6,0.0,0.8,0.4,0.44,0.0,0.76,1.76,4.2,7.12,0.36,2.48,0.8,0.16,6.52,0.72,0.04,0.0,0.72,0.0,2.36,4.76,2.44,1.2,0.2,1.56,0.92,3.96,5.16,2.04,2.44,1.24,0.8,1.0,0.52,5.44,4.0,1.16,5.68,0.6,3.68,2.84,2.08,1.12,1.96,0.24,0.0,0.0,7.12,0.04,3.36,0.24,0.0,1.04,0.04,2.2,0.84,0.6,0.0,2.12,0.08,0.2,0.36,0.08,0.72,0.88,6.76,10.24,0.76,6.64,3.48,0.44,3.08,3.56,11.56,19.92,2.64,0.68,1.24,0.08,0.04,0.0,0.0,0.0,1.76,0.84,0.12,0.24,0.2,7.32,0.52,0.0,2.0,0.84,0.0,1.2,1.28,0.12,0.48,0.44,0.0,1.48,5.04,1.8,1.0,2.2,0.6,2.48,3.32,1.24,0.08,0.0,0.16,0.12,3.04,0.36,0.0,0.0,15.84,1.28,0.2,0.12,0.12,0.04,0.2,0.0,0.12,0.0,0.24,0.72,0.8,0.04,0.16,2.2,3.72,0.24,0.12,1.88,0.84,0.2,0.16,1.88,0.24,0.32,1.16,0.36,0.28,2.04,0.16,1.32,5.52,3.84,0.32,3.6,4.96,0.52,2.12,1.92,1.32,4.04,4.76,3.64,1.08,4.4,2.28,3.4,0.24,0.16,0.2,0.48,6.84,0.6,2.2,1.2,1.28,0.36,0.0,0.32,5.8,0.2,0.36,0.0,0.08,1.88,1.76,0.08,0.0,0.76,2.0,0.56,1.96,3.08,0.4,0.96,1.04,0.0,0.0,0.0,0.08,0.2,0.0,0.28,0.0,0.0,0.0,0.0,5.04,0.0,0.16,0.0,0.0,0.56,9.16,5.44,0.24,0.12,2.4,2.24,0.0,1.24,0.0,0.0,0.08,0.0,0.28,0.12,0.08,0.0,0.0,0.0,0.12,0.32,0.36,0.64,1.44,6.12,1.36,0.12,5.0,2.4,2.2,3.0,1.68,3.32,1.84,3.72,1.28,0.44,0.24,2.6,0.12,0.0,0.48,0.96,0.12,0.08,0.2,0.32,0.0,0.76,1.88,0.4,0.32,0.0,1.68,0.92,0.28,0.16,0.04,0.88,0.0,0.0,0.0,0.16,0.0,0.12,1.0,0.0,2.96,0.76,0.04,0.92,32.68,0.16,0.0,1.6,3.88,2.4,3.68,4.4,2.32,2.76,0.0,2.0,0.0,0.48,0.4,0.32,0.76,0.0,0.0,0.0,2.36,0.04
0.0,0.0,0.0,0.0,0.0,0.0,0.0,0.0,0.0,0.0,0.0,0.0,0.0,0.0,0.0,0.0,0.0,0.0,0.0,0.0,0.0,0.0,0.0,0.0,0.0,0.0,0.0,0.0,0.0,0.0,0.0,0.0,0.0,0.0,0.0,0.0,0.0,0.0,0.0,0.0,0.0,0.0,0.0,0.0,0.0,0.0,0.0,0.0,0.0,0.0,0.0,0.0,0.0,0.0,0.0,0.0,0.0,0.0,0.0,0.0,0.0,0.0,0.0,0.0,0.0,0.0,0.0,0.0,0.0,0.0,0.0,0.0,0.0,0.0,0.0,0.0,0.0,0.0,0.0,0.0,0.0,0.0,0.0,0.0,0.0,0.0,0.0,0.0,0.0,0.0,0.0,0.0,0.0,0.0,0.0,0.0,0.0,0.0,0.0,0.0,0.0,0.0,0.0,0.0,0.0,0.0,0.0,0.0,0.0,0.0,0.0,0.0,0.0,0.0,0.0,0.0,0.0,0.0,0.0,0.0,0.0,0.0,0.0,0.0,0.0,0.0,0.0,0.0,0.0,0.0,0.0,0.0,0.0,0.0,0.0,0.0,0.0,0.0,0.0,0.0,0.0,0.0,0.0,0.0,0.0,0.0,0.0,0.0,0.0,0.0,0.0,0.0,0.0,0.0,0.0,0.0,0.0,0.0,0.0,0.0,0.0,0.0,0.0,0.0,0.0,0.0,0.0,0.0,0.0,0.0,0.0,0.0,0.0,0.0,0.0,0.0,0.0,0.0,0.0,0.0,0.0,0.0,0.0,0.0,0.0,0.0,0.0,0.0,0.0,0.0,0.0,0.0,0.0,0.0,0.0,0.0,0.0,0.0,0.0,0.0,0.0,0.0,0.0,0.0,0.0,0.0,0.0,0.0,0.0,0.0,0.0,0.0,0.0,0.0,0.0,0.0,0.0,0.0,0.0,0.0,0.0,0.0,0.0,0.0,0.0,0.0,0.0,0.0,0.0,0.0,0.0,0.0,0.0,0.0,0.0,0.0,0.0,0.0,0.0,0.0,0.0,0.0,0.0,0.0,0.0,0.0,0.0,0.0,0.0,0.0,0.0,0.0,0.0,0.0,0.0,0.0,0.0,0.0,0.0,0.0,0.0,0.0,0.0,0.0,0.0,0.0,0.0,0.0,0.0,0.0,0.0,0.0,0.0,0.0,0.0,0.0,0.0,0.0,0.0,0.0,0.0,0.0,0.0,0.0,0.0,0.0,0.0,0.0,0.0,0.0,0.0,0.0,0.0,0.0,0.0,0.0,0.0,0.0,0.0,0.0,0.0,0.0,0.0,0.0,0.0,0.0,0.0,0.0,0.0,0.0,0.0,0.0,0.0,0.0,0.0,0.0,0.0,0.0,0.0,0.0,0.0,0.0,0.0,0.0,0.0,0.0,0.0,0.0,0.0,0.0,0.0,0.0,0.0,0.0,0.0,0.0,0.0,0.0,0.0,0.0,0.0,0.0,0.0,0.0,0.0,0.0,0.0,0.0,0.0,0.0,0.0,0.0,0.0,0.0,0.0,0.0,0.0,0.0,0.0,0.0,0.0,0.0,0.0,0.0,0.0,0.0,0.0,0.0,0.0,0.0,0.0,0.0,0.0,0.0,0.0,0.0,0.0,0.0,0.0,0.0,0.0,0.0,0.0,0.0,0.0,0.0,0.0,0.0,0.0,0.0,0.0,0.0,0.0,0.0,0.0,0.0,0.0,0.0,0.0,0.0,0.0,0.0,0.0,0.0,0.0,0.0,0.0,0.0,0.0,0.0,0.0,0.0,0.0,0.0,0.0,0.0,0.0,0.0,0.0,0.0,0.0,0.0,0.0,0.0,0.0,0.0,0.0,0.0,0.0,0.0,0.0,0.0,0.0,0.0,0.0,0.0,0.0,0.0,0.0,0.0,0.0,0.0,0.0,0.0,0.0,0.0,0.0,0.0,0.0,0.0,0.0,0.0,0.0,0.0,0.0,0.0,0.0,0.0,0.0,0.0,0.0,0.0,0.0,0.0,0.0,0.0,0.0,0.0,0.0,0.0,0.0
0.0,0.48,0.08,0.0,0.16,0.4,3.6,0.08,0.52,0.96,0.24,0.44,0.16,0.0,0.0,0.2,0.28,0.8,0.0,4.76,2.64,1.08,2.44,0.44,4.88,1.24,0.0,0.68,1.2,0.0,0.2,0.16,0.12,4.32,1.44,0.12,0.0,3.88,2.96,2.88,4.8,0.32,0.0,2.16,0.08,0.0,0.64,0.0,0.0,1.32,0.0,0.24,0.08,0.0,1.8,2.0,1.2,0.0,0.0,0.0,0.0,0.0,0.0,0.0,0.28,2.8,0.0,0.0,0.08,0.28,0.8,0.0,0.0,0.0,0.0,0.0,0.0,0.0,1.96,0.12,0.32,0.84,0.0,0.32,0.0,0.84,7.0,0.0,0.2,0.16,0.32,2.24,0.0,0.28,0.16,0.0,0.0,1.12,0.28,0.0,0.0,0.0,1.6,5.88,0.24,0.08,0.0,0.32,1.64,0.0,0.8,0.04,0.0,0.0,0.0,0.6,0.16,0.0,0.84,0.12,0.0,2.56,0.0,2.76,2.08,0.76,0.0,0.0,0.12,0.0,0.84,0.32,11.96,0.24,0.28,6.44,5.96,0.12,0.0,0.0,1.36,0.0,0.2,0.52,0.0,8.2,0.16,1.8,0.04,0.08,0.24,3.72,0.2,5.72,7.16,2.12,1.04,0.52,1.88,0.0,3.44,0.6,0.68,0.2,0.0,1.96,0.64,0.6,0.0,0.04,0.0,0.0,0.6,0.6,0.0,2.0,2.72,0.84,0.36,0.28,1.56,1.48,1.56,0.0,0.0,1.16,0.0,1.68,5.12,1.36,0.6,0.2,1.12,1.76,2.64,1.88,0.88,3.28,1.12,4.88,0.72,0.48,0.68,0.2,0.36,5.72,0.4,0.12,1.44,2.56,1.44,0.04,1.08,0.0,0.76,0.92,0.0,1.52,2.76,0.68,3.56,0.0,0.0,1.36,0.04,0.44,0.0,0.6,0.08,0.16,0.44,1.64,0.08,15.44,3.56,5.32,5.92,0.24,1.16,2.52,4.4,1.04,3.88,24.68,2.96,0.76,0.0,0.0,0.4,0.0,0.0,0.16,0.6,0.16,1.16,5.68,0.0,2.12,3.2,4.24,0.2,0.0,0.16,0.28,1.52,0.48,0.32,1.64,3.8,4.32,1.08,2.16,0.44,0.92,3.48,1.08,3.68,1.8,0.68,0.48,0.12,2.32,0.6,0.0,4.28,0.2,2.28,0.0,0.28,0.0,0.04,0.08,0.0,0.04,0.0,0.28,0.16,3.52,0.0,2.0,3.32,0.08,0.0,0.0,3.36,0.0,0.0,0.0,0.0,0.84,5.48,2.12,0.52,0.96,15.08,0.0,0.0,10.6,2.68,5.36,0.0,1.28,4.28,1.96,1.92,0.84,3.6,4.16,0.96,0.56,0.92,3.08,0.24,0.24,0.0,0.0,4.16,1.56,0.0,0.96,0.08,0.0,0.2,0.08,0.96,0.48,3.12,0.36,0.04,0.0,1.32,0.04,0.24,0.0,1.52,8.8,0.12,11.08,1.84,0.44,0.6,0.12,1.24,0.12,0.08,9.52,1.4,0.0,0.56,0.0,3.76,4.28,2.64,23.52,28.92,0.36,0.0,0.32,0.0,2.96,0.24,0.12,0.0,0.84,3.64,0.0,1.36,0.0,0.04,0.0,0.12,0.32,0.28,0.28,0.96,0.0,0.0,2.16,9.2,3.72,0.24,4.56,2.4,0.0,0.36,1.28,0.88,1.8,2.36,0.6,1.96,0.84,0.56,1.52,1.28,0.0,0.16,0.0,0.0,0.0,2.16,0.16,0.12,0.12,0.04,0.08,1.56,5.92,2.0,3.6,0.28,0.64,21.24,1.52,0.6,2.12,1.76,1.24,0.56,0.0,6.76,0.16,2.12,0.0,0.08,4.6,4.2,3.76,1.72,1.64,0.0,0.44,0.64,11.92,1.4,3.24,2.16,1.52,0.6,0.0,2.92,0.08,0.36,0.04,3.96,0.0,0.12,0.0,0.48,1.0,0.0
0.0,0.0,0.0,0.0,0.0,0.0,0.12,0.0,0.32,0.16,0.0,0.0,0.0,0.0,0.0,0.0,0.0,0.0,0.0,0.0,0.0,0.0,0.12,0.0,0.0,0.0,0.0,0.0,0.0,0.0,0.0,0.0,0.4,0.0,0.0,0.0,0.0,0.12,0.0,0.0,0.28,0.0,0.0,0.0,0.0,0.0,0.0,0.0,0.0,0.12,0.0,0.0,0.0,0.0,0.0,0.0,0.0,0.0,0.0,0.0,0.0,0.0,0.0,0.0,0.0,0.0,0.0,0.0,0.0,0.0,0.0,0.0,0.0,0.0,0.0,0.0,0.0,0.0,0.0,0.0,0.0,0.0,0.16,0.0,0.0,0.24,0.04,0.32,0.0,0.0,0.0,0.0,0.0,0.0,0.0,0.0,0.0,0.0,0.0,0.0,0.0,0.0,0.0,0.28,0.0,0.0,0.0,0.0,0.0,0.0,0.0,0.0,0.0,0.0,0.0,0.0,0.0,0.0,0.0,0.0,0.0,0.12,0.0,0.0,0.0,0.08,0.0,0.0,0.28,0.0,0.0,0.0,0.4,0.0,0.28,0.88,14.32,0.4,0.0,0.0,0.0,0.0,0.0,0.16,0.0,0.2,0.0,1.8,0.0,0.0,0.12,0.0,0.0,0.0,0.12,0.0,0.0,0.0,0.0,0.0,0.0,0.0,0.0,0.0,0.0,0.0,0.16,0.0,0.0,0.0,0.0,0.0,0.0,0.0,0.0,0.0,0.2,0.0,0.0,0.0,0.0,0.16,0.0,0.0,0.0,0.0,0.0,0.12,0.0,0.0,0.8,0.0,0.0,0.28,0.0,0.0,0.0,0.44,1.0,0.0,0.0,0.0,0.0,0.44,0.16,0.12,0.24,0.0,0.0,0.32,0.0,0.0,0.0,0.68,0.0,0.0,0.52,0.0,0.0,0.0,0.0,0.0,0.16,0.12,0.0,0.0,0.0,0.0,0.2,0.0,0.0,2.28,0.0,0.72,0.16,0.2,0.28,0.0,0.0,0.2,0.0,0.12,0.0,0.48,0.24,1.08,0.32,0.0,0.0,0.0,0.0,0.0,0.0,0.0,0.0,0.0,0.0,0.0,0.0,0.0,0.0,0.0,0.0,0.0,0.0,0.0,0.0,2.68,0.0,0.0,0.0,0.0,0.0,0.0,0.16,0.2,0.0,0.0,0.0,0.0,0.28,0.0,1.56,0.0,1.48,0.0,0.0,0.0,0.0,0.0,0.0,0.0,0.0,0.0,0.0,0.0,0.0,0.0,0.0,0.0,0.12,0.0,0.0,0.0,0.28,0.0,0.0,0.0,0.0,0.0,0.28,0.0,0.0,0.0,0.0,0.0,0.0,0.16,0.0,0.16,0.0,0.0,0.0,0.0,0.0,0.0,0.12,0.0,0.0,0.0,0.16,0.0,0.0,0.32,0.0,0.0,0.0,0.0,0.0,0.0,0.56,0.0,0.0,0.0,0.0,0.32,0.0,0.0,0.0,0.0,0.0,0.0,0.0,0.0,0.0,0.0,0.56,0.0,1.6,0.56,0.12,1.2,0.88,0.0,0.0,0.0,0.08,0.0,0.32,0.0,0.0,0.56,0.56,0.56,0.0,0.12,0.0,0.0,0.0,0.0,0.0,0.0,0.0,0.0,0.52,0.0,0.0,0.0,0.0,0.0,0.0,0.0,0.0,0.0,0.0,0.0,0.0,0.0,0.0,0.32,0.28,0.0,0.32,0.0,0.52,0.12,0.12,0.08,0.0,0.0,0.0,0.4,0.16,0.24,0.12,0.0,0.0,0.0,0.0,0.0,0.0,0.0,0.0,0.0,0.0,0.0,0.0,0.0,0.0,0.0,0.0,0.0,0.0,0.0,0.16,0.76,0.0,0.0,0.0,0.0,0.0,0.0,0.0,0.0,0.0,0.0,0.0,0.0,0.0,0.36,0.0,0.0,0.0,0.0,0.12,0.56,0.0,1.28,0.0,0.0,1.16,0.16,0.0,0.0,0.08,0.32,0.0,0.0,0.0,0.0,0.0
0.08,0.0,0.04,0.0,0.0,0.04,0.2,0.04,0.28,0.12,0.16,1.8,0.0,0.04,0.24,0.04,0.04,0.16,0.04,0.16,0.08,0.04,1.0,1.4,0.04,0.0,0.0,0.0,0.12,0.0,0.0,0.48,0.44,0.28,0.12,0.12,0.0,0.04,0.6,0.8,3.0,0.08,0.0,0.52,0.08,0.2,0.0,0.04,0.0,0.28,0.0,0.0,0.0,0.04,1.4,0.0,0.0,0.0,0.0,0.0,0.0,0.0,0.0,0.12,0.0,0.36,0.0,0.0,0.04,0.0,0.0,0.0,0.0,0.0,0.0,0.0,0.04,0.0,0.0,0.0,0.0,0.04,0.0,0.08,0.0,0.12,0.0,0.0,0.0,0.04,0.08,0.08,0.0,0.0,0.0,0.28,1.6,3.24,0.0,0.0,0.64,0.0,0.0,1.28,0.0,0.0,0.0,0.0,0.0,0.0,0.0,0.12,0.0,0.0,0.0,0.36,0.56,0.0,1.84,0.12,1.04,1.72,0.0,0.08,0.0,0.48,0.0,0.0,0.0,0.6,0.48,0.56,0.2,0.48,0.16,1.84,0.0,1.08,0.0,0.0,0.24,0.0,0.0,0.84,0.2,0.04,0.48,0.28,0.0,0.04,0.6,1.16,0.0,0.4,0.48,0.12,0.92,0.2,0.12,0.04,0.08,0.0,0.0,0.12,0.08,0.12,1.48,0.16,0.0,1.72,0.0,0.0,0.32,0.48,0.36,0.04,0.84,0.16,0.0,0.0,0.24,1.76,0.12,0.0,0.0,0.8,0.04,0.0,0.0,0.92,0.96,0.44,1.04,0.0,1.08,0.0,1.04,0.08,2.28,0.24,0.24,0.04,0.36,0.0,0.24,2.04,0.16,0.0,0.0,0.44,0.68,0.0,0.16,0.36,0.0,0.44,0.64,1.2,0.0,0.32,0.08,0.0,0.36,0.24,0.16,0.0,0.0,0.04,0.2,0.0,0.0,0.0,0.04,0.32,0.96,0.0,0.2,0.92,0.12,0.24,0.64,0.0,0.92,0.8,0.36,0.12,0.08,0.0,0.0,0.0,0.04,0.04,0.04,0.6,0.76,0.0,0.0,0.0,0.24,1.0,0.64,0.04,0.08,0.16,0.0,0.48,0.04,0.56,0.0,0.96,0.16,0.0,0.0,0.0,0.0,0.72,1.48,0.0,0.16,0.0,0.0,1.0,0.12,0.0,0.0,0.0,1.56,0.52,0.0,0.08,0.32,0.08,0.0,0.0,0.0,0.16,0.48,1.44,0.56,0.24,0.72,0.76,0.04,0.12,1.6,0.04,0.2,0.08,0.2,0.76,0.36,0.36,0.4,0.28,0.24,0.76,0.24,1.52,0.52,0.16,0.0,0.0,0.04,0.0,0.68,0.2,2.0,0.08,0.04,0.04,0.24,1.0,0.16,1.28,0.36,0.0,0.36,1.28,0.16,0.28,0.12,0.36,0.2,0.12,0.44,1.04,5.96,0.68,0.04,0.04,3.6,0.16,0.08,0.12,0.52,0.92,0.56,0.12,4.4,1.84,1.12,0.0,0.0,0.04,0.0,0.0,0.0,0.0,0.0,0.0,0.0,0.0,0.28,0.88,0.4,0.08,0.0,1.44,0.0,0.04,0.28,0.0,0.2,0.08,2.04,0.0,0.24,0.0,0.0,0.0,0.0,0.0,1.28,0.0,0.16,0.0,0.0,0.04,1.52,0.2,0.0,0.4,5.44,0.04,0.04,2.44,0.48,1.64,4.32,1.04,0.24,4.48,0.0,0.36,2.24,0.0,1.8,0.0,0.0,0.12,1.32,0.96,0.92,0.0,0.16,0.04,0.12,1.2,0.04,0.0,0.32,0.32,0.92,0.28,0.4,0.2,0.92,0.16,0.04,0.0,0.08,0.0,0.0,0.0,0.0,0.2,0.04,0.0,0.0,0.44,0.0,2.4,0.08,0.44,0.04,0.2,2.64,0.72,0.16,0.0,0.32,0.0,0.0,0.0,0.04,0.04,0.0,0.0,0.0,0.12,0.0
0.0,0.0,0.0,0.0,0.0,0.0,0.0,0.0,0.0,0.0,0.0,0.0,0.0,0.0,0.0,0.0,0.0,0.0,0.0,0.0,0.0,0.0,0.0,0.0,0.0,0.0,0.0,0.0,0.0,0.0,0.0,0.0,0.0,0.0,0.0,0.0,0.0,0.0,0.0,0.0,0.0,0.0,0.0,0.0,0.0,0.0,0.0,0.0,0.0,0.0,0.0,0.0,0.0,0.0,0.0,0.0,0.0,0.0,0.0,0.0,0.0,0.0,0.0,0.0,0.0,0.0,0.0,0.0,0.0,0.0,0.0,0.0,0.0,0.0,0.0,0.0,0.0,0.0,0.0,0.0,0.0,0.0,0.0,0.0,0.0,0.0,0.0,0.0,0.0,0.0,0.0,0.0,0.0,0.0,0.0,0.0,0.0,0.0,0.0,0.0,0.0,0.0,0.0,0.0,0.0,0.0,0.0,0.0,0.0,0.0,0.0,0.0,0.0,0.0,0.0,0.0,0.0,0.0,0.0,0.0,0.0,0.0,0.0,0.0,0.0,0.0,0.0,0.0,0.0,0.0,0.0,0.0,0.0,0.0,0.0,0.0,0.0,0.0,0.0,0.0,0.0,0.0,0.0,0.0,0.0,0.0,0.0,0.0,0.0,0.0,0.0,0.0,0.0,0.0,0.0,0.0,0.0,0.0,0.0,0.0,0.0,0.0,0.0,0.0,0.0,0.0,0.0,0.0,0.0,0.0,0.0,0.0,0.0,0.0,0.0,0.0,0.0,0.0,0.0,0.0,0.0,0.0,0.0,0.0,0.0,0.0,0.0,0.0,0.0,0.0,0.0,0.0,0.0,0.0,0.0,0.0,0.0,0.0,0.0,0.0,0.0,0.0,0.0,0.0,0.0,0.0,0.0,0.0,0.0,0.0,0.0,0.0,0.0,0.0,0.0,0.0,0.0,0.0,0.0,0.0,0.0,0.0,0.0,0.0,0.0,0.0,0.0,0.0,0.0,0.0,0.0,0.0,0.0,0.0,0.0,0.0,0.0,0.0,0.0,0.0,0.0,0.0,0.0,0.0,0.0,0.0,0.0,0.0,0.0,0.0,0.0,0.0,0.0,0.0,0.0,0.0,0.0,0.0,0.0,0.0,0.0,0.0,0.0,0.0,0.0,0.0,0.0,0.0,0.0,0.0,0.0,0.0,0.0,0.0,0.0,0.0,0.0,0.0,0.0,0.0,0.0,0.0,0.0,0.0,0.0,0.0,0.0,0.0,0.0,0.0,0.0,0.0,0.0,0.0,0.0,0.0,0.0,0.0,0.0,0.0,0.0,0.0,0.0,0.0,0.0,0.0,0.0,0.0,0.0,0.0,0.0,0.0,0.0,0.0,0.0,0.0,0.0,0.0,0.0,0.0,0.0,0.0,0.0,0.0,0.0,0.0,0.0,0.0,0.0,0.0,0.0,0.0,0.0,0.0,0.0,0.0,0.0,0.0,0.0,0.0,0.0,0.0,0.0,0.0,0.0,0.0,0.0,0.0,0.0,0.0,0.0,0.0,0.0,0.0,0.0,0.0,0.0,0.0,0.0,0.0,0.0,0.0,0.0,0.0,0.0,0.0,0.0,0.0,0.0,0.0,0.0,0.0,0.0,0.0,0.0,0.0,0.0,0.0,0.0,0.0,0.0,0.0,0.0,0.0,0.0,0.0,0.0,0.0,0.0,0.0,0.0,0.0,0.0,0.0,0.0,0.0,0.0,0.0,0.0,0.0,0.0,0.0,0.0,0.0,0.0,0.0,0.0,0.0,0.0,0.0,0.0,0.0,0.0,0.0,0.0,0.0,0.0,0.0,0.0,0.0,0.0,0.0,0.0,0.0,0.0,0.0,0.0,0.0,0.0,0.0,0.0,0.0,0.0,0.0,0.0,0.0,0.0,0.0,0.0,0.0,0.0,0.0,0.0,0.0,0.0,0.0,0.0,0.0,0.0,0.0,0.0,0.0,0.0,0.0,0.0,0.0,0.0,0.0,0.0,0.0,0.0,0.0,0.0,0.0,0.0,0.0,0.0,0.0,0.0,0.0,0.0
0.0,0.08,0.0,0.0,0.0,0.0,1.6,0.0,0.0,1.96,0.0,0.0,0.0,0.0,0.36,0.0,2.84,0.2,0.0,0.0,0.16,0.0,1.4,0.4,1.24,0.0,0.0,0.16,0.44,0.0,0.0,0.0,0.0,1.24,0.0,0.0,0.0,1.72,0.16,5.84,1.44,0.44,0.12,0.44,0.08,0.0,5.0,2.08,0.0,0.0,0.0,0.2,0.0,2.52,0.8,0.16,0.0,0.56,1.24,0.0,0.0,0.0,0.0,0.0,0.24,4.32,0.0,0.0,0.12,0.24,0.0,0.0,0.88,2.64,0.0,0.0,0.0,0.0,0.0,0.56,0.0,2.56,0.0,0.0,0.0,0.0,1.0,0.0,0.4,0.16,0.04,1.28,0.0,0.2,0.0,0.4,0.0,6.48,0.0,0.36,0.0,1.12,0.48,0.84,0.0,0.44,0.0,2.84,0.0,0.0,0.64,0.0,0.0,0.0,0.0,0.0,0.4,0.32,2.68,0.28,1.36,4.32,1.72,0.28,5.84,3.0,0.12,0.0,0.0,1.64,3.12,0.6,0.56,0.48,2.64,12.28,40.96,3.44,0.0,0.0,0.56,1.76,1.04,2.44,0.0,0.48,1.2,4.04,0.88,0.0,0.0,0.32,0.36,3.28,0.72,0.88,0.04,2.6,0.44,0.0,0.48,0.04,0.0,5.28,0.84,0.0,0.2,0.0,0.0,4.16,0.04,0.0,0.56,1.32,0.68,0.04,3.36,0.4,0.64,0.0,0.24,2.68,1.88,0.52,0.0,0.72,0.0,3.12,4.6,0.6,0.6,0.6,1.2,0.0,0.68,3.6,1.52,0.44,1.56,9.44,0.0,6.84,1.6,0.0,0.72,7.52,0.08,1.24,0.32,5.0,0.8,0.6,0.28,0.0,0.0,0.6,0.0,2.2,0.2,0.0,0.88,0.0,0.0,0.96,1.2,0.0,0.0,0.12,1.28,0.0,1.68,3.16,1.24,1.92,2.96,0.44,2.96,1.76,0.0,0.0,2.8,1.68,1.36,50.8,0.0,4.08,0.0,0.68,0.64,0.0,0.0,0.44,0.28,0.0,0.92,1.76,0.0,0.12,0.0,1.56,0.64,0.0,0.08,0.36,0.48,0.0,1.56,0.2,0.2,0.0,0.16,0.48,0.0,0.52,0.96,0.32,0.24,0.72,0.16,0.48,0.36,0.16,0.0,0.0,1.24,2.16,2.16,0.0,0.36,0.32,0.8,0.24,0.0,0.16,0.0,1.76,0.0,1.72,0.0,0.0,3.32,0.88,0.0,0.32,0.2,0.0,0.0,0.0,0.0,0.52,1.84,0.24,0.0,3.36,1.12,0.0,0.36,2.48,0.0,0.0,0.24,0.0,1.0,5.2,1.28,0.0,0.48,0.64,0.44,0.0,0.32,2.36,0.52,0.0,0.0,0.0,0.0,1.16,0.08,0.0,0.64,2.32,0.0,0.0,0.24,0.0,0.16,0.0,0.0,0.0,0.0,0.52,0.84,0.0,0.0,1.28,0.12,0.12,9.32,5.24,4.6,4.52,1.08,1.52,0.08,0.32,0.0,0.0,1.4,0.68,0.36,1.64,3.52,4.4,8.4,0.36,0.0,1.24,0.36,0.24,0.28,0.0,0.0,1.96,2.84,0.0,0.6,0.56,0.0,0.04,1.4,0.08,1.64,1.12,0.6,0.0,0.0,0.68,0.0,0.08,1.04,2.96,0.16,0.12,2.36,0.52,0.2,1.48,2.36,0.28,0.2,1.76,0.68,0.84,0.84,0.12,0.8,0.0,0.0,3.6,5.16,1.32,3.52,0.6,0.88,0.4,0.0,0.36,0.76,0.0,0.0,1.64,1.68,0.0,0.52,1.0,10.8,0.16,0.68,0.64,0.04,0.0,2.8,0.0,0.0,1.76,0.24,0.0,3.4,12.24,3.2,0.6,0.0,16.84,0.32,1.08,1.76,0.48,7.48,0.0,4.64,2.16,0.12,0.0,1.56,0.0,0.0,0.0,0.88,0.56,2.72
0.0,0.0,0.0,0.0,0.0,0.0,0.0,0.0,0.0,0.0,0.0,0.0,0.0,0.0,0.0,0.0,0.0,0.0,0.0,0.0,0.0,0.0,0.0,0.0,0.0,0.0,0.0,0.0,0.0,0.0,0.0,0.0,0.0,0.0,0.0,0.0,0.0,0.0,0.0,0.0,0.0,0.0,0.0,0.0,0.0,0.0,0.0,0.0,0.0,0.0,0.0,0.0,0.0,0.0,0.0,0.0,0.0,0.0,0.0,0.0,0.0,0.0,0.0,0.0,0.0,0.0,0.0,0.0,0.0,0.0,0.0,0.0,0.0,0.0,0.0,0.0,0.0,0.0,0.0,0.0,0.0,0.0,0.0,0.0,0.0,0.0,0.0,0.0,0.0,0.0,0.0,0.0,0.0,0.0,0.0,0.0,0.0,0.0,0.0,0.0,0.0,0.0,0.0,0.0,0.0,0.0,0.0,0.0,0.0,0.0,0.0,0.0,0.0,0.0,0.0,0.0,0.0,0.0,0.0,0.0,0.0,0.0,0.0,0.0,0.0,0.0,0.0,0.0,0.0,0.0,0.0,0.0,0.0,0.0,0.0,0.0,0.0,0.0,0.0,0.0,0.12,0.0,0.0,0.0,0.0,0.0,0.0,0.0,0.0,0.0,0.0,0.0,0.0,0.0,0.0,0.0,0.0,0.0,0.0,0.0,0.0,0.0,0.0,0.0,0.0,0.0,0.0,0.0,0.0,0.0,0.0,0.0,0.0,0.0,0.0,0.0,0.0,0.16,0.0,0.0,0.0,0.0,0.0,0.0,0.0,0.0,0.0,0.0,0.0,0.0,0.0,0.0,0.0,0.0,0.0,0.0,0.0,0.0,0.0,0.0,0.0,0.0,0.0,0.0,0.0,0.0,0.0,0.0,0.0,0.0,0.0,0.0,0.0,0.0,0.0,0.0,0.0,0.0,0.0,0.0,0.0,0.0,0.0,0.0,0.0,0.0,0.0,0.0,0.0,0.0,0.0,0.0,0.0,0.0,0.0,0.0,0.0,0.0,0.0,0.0,0.0,0.0,0.0,0.0,0.0,0.0,0.0,0.0,0.0,0.0,0.0,0.0,0.0,0.0,0.0,0.0,0.0,0.0,0.0,0.0,0.0,0.0,0.0,0.0,0.0,0.0,0.0,0.0,0.0,0.0,0.0,0.0,0.0,0.0,0.0,0.0,0.0,0.0,0.0,0.0,0.0,0.0,0.0,0.0,0.0,0.0,0.0,0.0,0.0,0.0,0.0,0.0,0.0,0.0,0.0,0.0,0.0,0.0,0.0,0.0,0.0,0.0,0.0,0.0,0.0,0.0,0.0,0.0,0.0,0.0,0.0,0.0,0.0,0.0,0.0,0.0,0.0,0.0,0.0,0.0,0.0,0.0,0.0,0.0,0.0,0.0,0.0,0.0,0.0,0.0,0.0,0.0,0.0,0.0,0.0,0.0,0.0,0.0,0.0,0.0,0.0,0.0,0.0,0.0,0.0,0.0,0.0,0.0,0.0,0.0,0.0,0.0,0.0,0.0,0.0,0.0,0.0,0.0,0.0,0.0,0.0,0.0,0.0,0.0,0.0,0.0,0.0,0.0,0.0,0.0,0.0,0.0,0.0,0.0,0.0,0.0,0.0,0.0,0.0,0.0,0.0,0.0,0.0,0.0,0.0,0.0,0.0,0.0,0.0,0.0,0.0,0.0,0.0,0.0,0.0,0.0,0.0,0.0,0.0,0.0,0.0,0.0,0.0,0.0,0.0,0.0,0.0,0.0,0.0,0.0,0.0,0.0,0.0,0.0,0.0,0.0,0.0,0.0,0.0,0.0,0.0,0.0,0.0,0.0,0.0,0.0,0.0,0.0,0.0,0.0,0.0,0.0,0.0,0.0,0.0,0.0,0.0,0.0,0.0,0.0,0.0,0.0,0.0,0.0,0.0,0.0,0.0,0.0,0.0,0.0,0.0,0.0,0.8,0.0,0.0,0.0,0.0,0.0,0.0,0.0,0.0,0.0,0.0,0.0,0.0,0.0,0.0,0.0,0.0,0.0,0.0
0.04,2.16,1.76,0.0,0.4,1.32,3.44,0.04,1.36,2.72,0.32,0.36,0.36,0.24,0.48,0.0,2.76,2.12,0.0,0.76,1.0,0.48,4.6,0.52,2.28,0.0,0.08,2.12,1.0,0.32,0.16,0.48,0.72,1.4,1.0,0.32,0.2,3.04,3.88,0.92,5.48,0.36,0.36,1.24,0.0,1.24,1.2,0.04,0.0,1.88,0.0,0.04,0.0,0.36,12.28,2.32,0.0,0.8,0.68,0.44,0.0,0.0,0.2,0.32,1.52,3.16,0.0,0.52,0.24,0.0,0.0,0.0,0.0,0.0,0.0,0.08,0.08,1.04,0.28,0.4,0.4,0.0,0.52,1.8,0.0,0.48,0.24,0.8,0.24,0.0,0.48,2.76,0.0,2.36,0.0,0.2,0.0,2.52,0.16,0.32,0.2,0.32,1.12,2.0,0.44,3.56,0.0,0.16,0.88,0.2,1.36,0.12,3.92,0.0,0.08,0.52,0.84,0.4,3.2,0.2,0.12,3.84,0.0,0.76,2.44,2.0,0.8,0.0,0.0,0.4,0.0,1.36,1.36,0.28,2.64,12.52,152.92,0.52,0.0,0.08,2.84,3.0,1.72,1.8,0.76,4.6,1.72,3.76,1.12,0.28,0.52,8.44,0.0,1.2,0.44,1.04,1.48,0.44,1.32,1.12,1.76,1.84,0.52,0.0,0.28,0.68,2.4,0.68,0.36,1.12,0.08,0.0,0.68,6.0,0.52,1.12,6.6,0.88,2.64,0.2,2.04,3.08,1.16,0.28,0.16,1.12,0.56,1.96,1.68,2.52,2.44,1.8,1.6,2.04,3.6,1.12,2.52,1.88,8.32,18.24,1.16,3.2,3.2,0.56,0.88,11.28,0.92,0.52,3.2,7.88,5.16,1.4,0.68,0.36,0.0,1.44,1.2,1.2,0.32,0.2,0.8,0.04,0.2,1.48,0.6,1.08,0.04,0.12,3.24,0.24,0.52,1.16,0.32,4.24,6.2,2.0,16.6,2.52,2.24,0.8,7.56,2.4,5.6,2.52,2.28,1.64,1.32,0.32,0.16,0.24,0.48,3.76,3.12,1.16,3.64,2.56,0.44,4.12,0.72,2.92,2.24,0.6,0.92,2.12,1.12,1.12,1.28,1.64,0.88,0.08,0.68,1.44,0.88,0.88,0.44,1.68,1.44,0.6,0.08,2.56,0.6,3.6,0.32,0.0,3.76,2.16,4.32,0.2,1.72,0.44,1.36,2.84,0.24,2.76,0.0,1.2,1.28,5.44,1.4,0.44,6.88,2.0,0.28,0.0,2.0,0.68,0.4,0.24,0.84,0.76,1.8,1.76,0.4,2.0,0.6,0.68,1.0,2.92,2.36,0.0,0.36,1.16,0.92,1.12,2.88,2.04,2.04,1.0,0.32,0.28,2.04,2.32,1.24,0.52,0.96,0.44,0.44,1.24,0.44,0.88,1.52,1.0,0.72,0.56,0.72,2.88,2.08,1.84,0.08,0.36,4.84,1.52,1.76,0.04,1.88,3.28,12.8,0.12,29.68,4.64,6.56,1.12,0.44,0.4,0.0,0.24,0.84,0.0,0.44,0.0,0.48,1.96,5.0,14.64,0.36,0.12,0.0,4.56,0.2,2.12,0.8,0.48,1.28,2.48,4.6,0.0,1.96,0.4,0.48,0.32,0.6,0.08,2.0,0.76,0.12,0.2,0.0,2.36,12.88,2.12,0.72,2.6,3.64,31.72,1.96,2.88,1.36,1.96,5.24,1.04,10.84,2.16,0.76,2.64,2.4,0.0,3.4,0.0,0.0,0.04,1.36,1.28,1.8,0.84,0.76,0.44,1.12,0.96,1.4,0.12,0.08,2.2,5.0,0.44,0.76,1.36,2.0,0.28,1.44,0.32,0.88,0.0,3.48,0.0,0.16,3.44,0.72,0.12,0.8,4.52,0.0,0.0,0.2,12.08,15.16,2.36,2.2,2.2,2.2,0.0,4.08,0.36,1.6,0.36,1.28,0.72,0.12,0.0,0.24,0.68,0.08
0.0,0.0,0.0,0.0,0.0,0.0,0.0,0.0,0.0,0.0,0.0,0.0,0.0,0.0,0.0,0.0,0.0,0.0,0.0,0.0,0.0,0.0,0.0,0.0,0.0,0.0,0.0,0.0,0.0,0.0,0.0,0.0,0.0,0.0,0.0,0.0,0.0,0.0,0.0,0.0,0.0,0.0,0.0,0.0,0.0,0.0,0.0,0.0,0.0,0.0,0.0,0.0,0.0,0.0,0.0,0.0,0.0,0.0,0.0,0.0,0.0,0.0,0.0,0.0,0.0,0.0,0.0,0.0,0.0,0.0,0.0,0.0,0.0,0.0,0.0,0.0,0.0,0.0,0.0,0.0,0.0,0.0,0.0,0.0,0.0,0.0,0.0,0.0,0.0,0.0,0.0,0.0,0.0,0.0,0.0,0.0,0.0,0.0,0.0,0.0,0.0,0.0,0.0,0.0,0.0,0.0,0.0,0.0,0.0,0.0,0.0,0.0,0.0,0.0,0.0,0.0,0.0,0.0,0.0,0.0,0.0,0.0,0.0,0.0,0.0,0.0,0.0,0.0,0.0,0.0,0.0,0.0,0.0,0.0,0.0,0.0,0.0,0.0,0.0,0.0,0.0,0.0,0.0,0.0,0.0,0.0,0.0,0.0,0.0,0.0,0.0,0.0,0.0,0.0,0.0,0.0,0.0,0.0,0.0,0.0,0.0,0.0,0.0,0.0,0.0,0.0,0.0,0.0,0.0,0.0,0.0,0.0,0.0,0.0,0.0,0.0,0.0,0.0,0.0,0.0,0.0,0.0,0.0,0.0,0.0,0.0,0.0,0.0,0.0,0.0,0.0,0.0,0.0,0.0,0.0,0.0,0.0,0.0,0.0,0.0,0.0,0.0,0.0,0.0,0.0,0.0,0.0,0.0,0.0,0.0,0.0,0.0,0.0,0.0,0.0,0.0,0.0,0.0,0.0,0.0,0.0,0.0,0.0,0.0,0.0,0.0,0.0,0.0,0.0,0.0,0.0,0.0,0.0,0.0,0.0,0.0,0.0,0.0,0.0,0.0,0.0,0.0,0.0,0.0,0.0,0.0,0.0,0.0,0.0,0.0,0.0,0.0,0.0,0.0,0.0,0.0,0.0,0.0,0.0,0.0,0.0,0.0,0.0,0.0,0.0,0.0,0.0,0.0,0.0,0.0,0.0,0.0,0.0,0.0,0.0,0.0,0.0,0.0,0.0,0.0,0.0,0.0,0.0,0.0,0.0,0.0,0.0,0.0,0.0,0.0,0.0,0.0,0.0,0.24,0.0,0.0,0.0,0.0,0.0,0.0,0.0,0.0,0.0,0.0,0.0,0.0,0.0,0.0,0.0,0.0,0.0,0.0,0.0,0.0,0.0,0.0,0.0,0.2,0.0,0.0,0.0,0.0,0.0,0.0,0.0,0.0,0.0,0.0,0.0,0.0,0.0,0.0,0.0,0.0,0.0,0.0,0.0,0.0,0.0,0.0,0.0,0.0,0.0,0.0,0.0,0.0,0.0,0.0,0.0,0.0,0.0,0.0,0.0,0.0,0.0,0.0,0.0,0.0,0.0,0.0,0.0,0.0,0.0,0.0,0.0,0.0,0.0,0.0,0.0,0.0,0.0,0.0,0.0,0.0,0.0,0.0,0.0,0.0,0.0,0.0,0.0,0.0,0.0,0.0,0.0,0.0,0.0,0.0,0.0,0.0,0.0,0.0,0.0,0.0,0.0,0.0,0.0,0.0,0.0,0.0,0.0,0.0,0.0,0.0,0.0,0.0,0.0,0.0,0.0,0.0,0.0,0.0,0.0,0.0,0.0,0.0,0.0,0.0,0.0,0.0,0.0,0.0,0.0,0.0,0.0,0.0,0.0,0.0,0.0,0.0,0.0,0.0,0.0,0.0,0.0,0.0,0.0,0.0,0.0,0.0,0.0,0.0,0.0,0.0,0.0,0.0,0.0,0.0,0.0,0.0,0.0,0.0,0.0,0.0,0.0,0.0,0.0,0.0,0.0,0.0,0.0,0.0,0.0,0.0,0.0,0.0,0.0,0.0,0.0,0.0,0.0
0.0,0.0,0.0,0.0,0.0,0.0,0.0,0.0,0.0,0.12,0.08,0.12,0.0,0.0,0.0,0.0,0.0,0.0,0.0,0.0,0.0,0.0,0.72,0.0,0.28,0.0,0.0,0.0,0.64,0.0,0.0,0.0,0.0,0.0,0.0,0.0,0.0,0.0,3.92,0.0,0.16,0.0,0.0,0.0,0.0,0.0,1.6,0.0,0.0,0.12,0.0,0.0,0.12,0.0,0.0,0.08,0.0,0.0,0.0,0.0,0.0,0.0,0.0,0.0,0.0,0.0,0.0,0.0,0.0,0.0,0.0,0.0,0.0,0.0,0.0,0.0,0.0,0.0,0.0,0.0,0.0,0.0,0.0,0.0,0.0,0.0,0.0,0.12,0.0,0.0,0.0,0.0,0.0,0.0,0.0,0.0,0.0,0.36,0.0,0.0,0.0,0.0,0.0,0.88,0.0,0.0,0.0,0.24,0.52,0.0,0.0,0.0,0.0,0.0,0.0,0.0,0.0,0.0,0.0,0.0,0.4,4.68,0.16,0.0,0.08,0.32,0.0,0.0,0.0,0.0,0.08,0.12,0.6,0.32,0.2,0.48,0.32,0.0,0.0,0.16,6.56,0.6,0.8,0.0,0.0,0.0,0.0,0.28,0.0,0.0,0.0,2.2,0.0,0.44,0.0,0.0,0.0,0.0,0.0,0.0,0.0,0.0,0.0,0.0,0.0,0.0,0.44,0.48,0.24,0.36,0.0,0.0,1.72,1.24,0.0,0.36,0.68,0.0,0.96,0.0,0.36,0.44,0.0,0.0,0.0,1.84,0.0,0.96,0.64,0.0,0.0,0.56,0.52,0.0,0.52,0.92,0.2,2.04,0.76,0.28,0.0,0.0,1.48,1.8,0.0,0.96,0.0,0.0,0.0,0.0,0.16,0.2,0.0,0.0,0.0,0.0,0.24,6.88,0.0,0.16,0.84,0.0,0.0,0.2,0.0,0.0,0.0,0.32,0.0,0.08,0.0,0.0,0.0,0.2,0.68,0.8,0.36,0.56,0.16,0.36,0.0,0.0,0.4,0.0,0.32,0.2,0.0,0.0,0.0,0.0,0.0,0.0,0.0,0.0,0.04,0.72,0.0,0.44,0.0,0.4,0.44,0.0,0.0,0.0,0.0,0.0,0.0,0.0,0.2,0.0,0.28,0.0,0.0,0.0,0.0,0.08,0.0,0.0,0.0,0.0,0.0,0.0,0.68,0.2,0.72,0.08,0.0,0.0,0.6,0.0,0.4,0.0,0.0,0.0,0.0,0.0,0.0,0.0,0.0,0.0,0.08,0.0,0.0,0.0,0.0,0.0,0.0,0.0,0.0,0.0,0.0,0.0,0.0,0.0,0.0,0.0,0.0,0.0,0.0,0.0,0.0,1.08,0.0,0.0,0.2,0.88,0.0,0.16,0.0,1.24,0.16,0.96,0.24,1.24,0.56,0.0,0.16,0.44,0.0,0.0,0.0,0.0,0.0,0.0,0.0,0.0,0.24,0.2,0.0,0.0,0.0,0.0,0.0,0.0,0.4,0.24,1.56,0.0,4.16,0.96,1.28,1.28,1.48,1.36,0.52,0.36,1.6,0.0,0.0,0.0,0.16,0.96,2.6,5.64,0.44,0.16,0.0,7.28,0.0,0.2,0.0,0.0,0.28,2.72,1.24,0.0,0.36,0.0,0.0,0.0,0.12,0.0,1.4,0.0,1.32,0.96,0.92,0.6,3.52,0.12,0.28,0.0,0.24,0.0,0.08,0.56,0.16,0.04,1.56,0.0,2.88,0.44,0.48,0.56,1.0,0.0,0.04,0.0,0.0,0.2,0.36,0.0,0.0,0.0,0.04,0.48,0.0,1.16,0.0,0.0,0.16,0.68,0.64,0.04,0.08,2.28,0.0,0.44,0.32,0.0,0.0,0.0,0.24,0.0,0.0,0.68,0.0,0.0,0.0,0.96,0.0,0.0,0.0,5.08,1.6,0.0,1.88,0.76,1.16,0.0,1.2,0.0,0.28,0.08,0.0,0.0,0.0,0.0,0.28,0.0,0.0
0.28,1.72,3.28,0.0,0.8,0.2,4.04,0.0,0.8,6.04,1.04,2.04,0.64,0.32,0.28,0.56,2.64,0.64,0.0,0.4,0.16,0.48,4.8,4.28,1.72,0.64,0.0,4.6,2.24,0.96,0.32,0.16,1.68,2.12,3.08,0.24,0.0,18.52,1.08,8.36,15.56,0.0,0.0,10.36,0.0,1.0,2.64,1.6,0.0,1.92,0.0,0.64,0.0,0.68,3.6,0.16,1.52,3.96,0.32,0.48,0.0,0.0,0.72,1.68,1.8,2.44,0.0,0.56,7.6,0.32,0.28,0.0,0.0,1.08,0.0,1.24,0.4,0.0,0.0,0.0,0.8,2.76,2.08,0.0,0.0,0.88,1.04,1.76,0.16,0.16,0.16,2.64,0.0,0.4,0.0,1.0,0.64,5.16,0.0,0.88,2.64,0.0,1.72,9.44,0.76,4.4,0.0,1.04,0.0,0.48,7.12,1.8,0.24,0.28,0.0,1.12,3.88,2.96,4.76,2.16,1.4,8.64,0.48,1.28,6.32,4.72,0.72,0.0,0.52,0.72,1.24,3.08,0.4,0.88,1.68,20.6,4.92,2.52,1.64,1.32,3.6,1.2,0.4,2.12,3.2,2.2,3.52,2.76,0.56,0.0,1.24,8.68,0.8,4.32,3.68,2.64,1.84,0.64,2.6,0.76,3.2,10.88,0.0,22.56,1.64,1.08,1.2,1.28,0.2,0.64,1.52,0.0,4.2,8.72,1.56,1.08,22.16,2.28,2.04,0.52,0.56,3.68,2.8,0.84,0.64,5.68,2.52,6.44,8.64,4.96,4.6,1.88,7.24,3.96,8.6,2.76,4.44,2.56,7.52,2.88,3.4,5.76,1.92,5.04,0.12,46.2,0.8,1.8,3.28,7.36,5.96,5.48,3.16,0.88,0.24,7.56,2.64,3.36,2.0,1.96,1.68,1.84,2.96,2.84,4.04,2.56,0.8,0.44,2.76,0.0,2.0,5.6,0.48,18.0,12.32,6.48,10.84,3.4,3.08,7.16,21.88,8.52,10.84,5.84,1.88,4.24,3.4,0.56,1.24,0.0,0.88,2.24,2.08,5.36,2.64,1.6,0.32,6.28,4.32,3.72,4.32,0.0,0.84,3.36,3.6,1.6,1.64,1.64,5.44,6.08,7.56,3.08,4.16,5.64,10.04,6.36,10.24,2.16,0.52,1.72,0.92,6.4,2.72,1.52,6.64,6.48,5.36,1.2,2.36,0.0,0.36,1.64,0.32,2.8,0.0,0.84,5.72,8.16,0.6,6.96,17.36,2.76,0.24,0.0,3.32,0.52,0.2,0.12,0.44,2.16,12.08,1.32,1.24,2.68,5.08,3.44,3.92,5.72,6.92,0.36,1.84,8.68,5.56,2.08,3.68,3.12,13.88,4.4,2.68,12.36,7.96,8.72,1.0,4.12,2.24,1.44,1.8,1.6,2.04,13.24,0.92,4.56,6.96,1.56,8.12,9.68,2.08,2.84,1.12,0.24,4.2,1.92,4.36,2.32,5.56,9.48,3.36,1.12,4.6,5.96,15.92,0.52,5.28,6.72,0.16,1.6,0.92,0.2,4.52,2.2,0.88,4.52,5.32,17.68,2.12,0.12,0.08,8.6,0.0,2.76,4.12,0.12,1.08,2.28,4.24,0.0,9.84,0.64,0.0,0.0,1.88,0.56,3.12,4.8,2.52,1.76,0.32,3.16,5.36,0.64,0.6,6.04,15.28,11.16,2.04,7.0,3.2,1.68,5.2,1.76,6.08,0.92,2.28,4.68,2.12,0.72,4.32,0.0,0.0,0.08,7.68,4.64,10.72,2.44,1.12,1.76,2.08,1.44,2.8,1.12,0.0,9.12,8.44,1.76,0.64,5.48,6.44,0.32,1.96,1.56,1.32,1.88,1.88,0.6,0.4,4.0,5.84,1.0,1.2,12.6,2.4,1.08,1.32,12.44,4.84,6.96,3.08,9.56,5.96,0.0,3.72,0.6,1.0,0.72,2.88,2.12,0.2,0.28,0.36,1.92,0.0
0.0,0.0,0.0,0.0,0.0,0.0,0.0,0.0,0.0,0.0,0.0,0.0,0.0,0.0,0.0,0.0,0.0,0.0,0.0,0.0,0.0,0.0,0.0,0.0,0.0,0.0,0.0,0.0,0.0,0.0,0.0,0.0,0.0,0.0,0.0,0.0,0.0,0.0,0.0,0.0,0.0,0.0,0.0,0.0,0.0,0.0,0.0,0.0,0.0,0.0,0.0,0.0,0.0,0.0,0.0,0.0,0.0,0.0,0.0,0.0,0.0,0.0,0.0,0.0,0.0,0.0,0.0,0.0,0.0,0.0,0.0,0.0,0.0,0.0,0.0,0.0,0.0,0.0,0.0,0.0,0.0,0.0,0.0,0.0,0.0,0.0,0.0,0.0,0.0,0.0,0.0,0.0,0.0,0.0,0.0,0.0,0.0,0.0,0.0,0.0,0.0,0.0,0.0,0.0,0.0,0.0,0.0,0.0,0.0,0.0,0.0,0.0,0.0,0.0,0.0,0.0,0.0,0.0,0.0,0.0,0.0,0.0,0.0,0.0,0.0,0.0,0.0,0.0,0.0,0.0,0.0,0.0,0.0,0.0,0.0,0.0,0.0,0.0,0.0,0.0,0.0,0.0,0.0,0.0,0.0,0.0,0.0,0.0,0.0,0.0,0.0,0.0,0.0,0.0,0.0,0.0,0.0,0.0,0.0,0.0,0.0,0.0,0.0,0.0,0.0,0.0,0.0,0.0,0.0,0.0,0.0,0.0,0.0,0.0,0.0,0.0,0.0,0.0,0.0,0.0,0.0,0.0,0.0,0.0,0.0,0.0,0.0,0.0,0.0,0.0,0.0,0.0,0.0,0.0,0.0,0.0,0.0,0.0,0.0,0.0,0.0,0.0,0.0,0.0,0.0,0.0,0.0,0.0,0.0,0.0,0.0,0.0,0.0,0.0,0.0,0.0,0.0,0.0,0.0,0.0,0.0,0.0,0.0,0.0,0.0,0.0,0.0,0.0,0.0,0.0,0.0,0.0,0.0,0.0,0.0,0.0,0.0,0.0,0.0,0.0,0.0,0.0,0.0,0.0,0.0,0.0,0.0,0.0,0.0,0.0,0.0,0.0,0.0,0.0,0.0,0.0,0.0,0.0,0.0,0.0,0.0,0.0,0.0,0.0,0.0,0.0,0.0,0.0,0.0,0.0,0.0,0.0,0.0,0.0,0.0,0.0,0.0,0.0,0.0,0.0,0.0,0.0,0.0,0.0,0.0,0.0,0.0,0.0,0.0,0.0,0.0,0.0,0.0,0.0,0.0,0.0,0.0,0.0,0.0,0.0,0.0,0.0,0.0,0.0,0.0,0.0,0.0,0.0,0.0,0.0,0.0,0.0,0.0,0.0,0.0,0.0,0.0,0.0,0.0,0.0,0.0,0.0,0.0,0.0,0.0,0.0,0.0,0.0,0.0,0.0,0.0,0.0,0.0,0.0,0.0,0.0,0.0,0.0,0.0,0.0,0.0,0.0,0.0,0.0,0.0,0.0,0.0,0.0,0.0,0.0,0.0,0.0,0.0,0.0,0.0,0.48,0.0,0.0,0.0,0.0,0.0,0.0,0.0,0.0,0.0,0.0,0.0,0.0,1.0,0.0,0.0,0.0,0.0,0.0,0.0,0.0,0.0,0.0,0.0,0.0,0.0,0.0,0.0,0.0,0.0,0.0,0.0,0.0,0.0,0.0,0.0,0.0,0.0,0.0,0.0,0.0,0.0,0.0,0.0,0.0,0.0,0.0,0.0,0.0,0.0,0.0,0.0,0.0,0.0,0.0,0.0,0.0,0.0,0.0,0.0,0.0,0.0,0.0,0.0,0.0,0.0,0.12,0.0,0.0,0.0,0.0,0.0,0.0,0.0,0.0,0.0,0.0,0.0,0.0,0.0,0.0,0.0,0.0,0.0,0.0,0.0,0.0,0.0,0.0,0.0,0.0,0.0,0.0,0.0,0.0,0.0,0.0,0.0,0.0,0.0,0.0,0.0,0.0,0.0,0.0,0.0,0.0,0.0,0.0,0.0,0.0,0.0,0.0,0.0,0.0,0.0
0.0,0.92,0.0,0.0,0.0,0.08,0.56,0.04,0.0,0.0,0.0,0.0,0.0,0.0,0.0,0.16,0.0,0.0,0.0,0.0,0.0,0.0,0.0,0.0,0.0,0.0,0.0,0.0,0.12,0.0,0.0,0.0,0.08,0.0,0.0,0.0,0.0,0.52,0.0,0.0,1.92,0.0,0.0,0.0,0.0,0.0,0.0,0.04,0.0,0.0,0.0,0.0,0.0,0.0,0.0,0.0,0.0,0.0,0.0,0.0,0.0,0.0,0.0,0.0,0.0,0.2,0.0,0.0,0.0,0.0,0.0,0.0,0.0,0.0,0.16,0.0,0.0,0.0,0.0,0.0,0.0,0.0,0.08,0.12,0.0,0.0,0.0,0.0,0.0,0.0,0.0,0.16,0.0,0.0,0.0,0.0,0.0,0.04,0.0,0.0,0.12,0.0,0.0,0.0,0.16,0.0,0.0,0.0,0.0,0.0,0.0,0.0,0.0,0.0,0.0,0.0,0.0,0.0,0.0,0.0,0.0,0.08,0.0,0.0,0.08,0.0,0.0,0.0,0.0,0.0,0.2,0.0,0.04,0.16,0.24,0.84,2.96,0.0,0.0,0.0,0.48,0.16,0.32,0.28,0.0,0.36,0.0,0.12,0.16,0.0,0.12,0.72,0.0,0.16,0.08,0.16,0.0,0.64,0.0,0.0,0.0,0.0,0.0,0.0,0.0,0.0,0.0,0.0,0.0,0.08,0.0,0.0,0.08,0.0,0.12,0.24,0.24,0.16,0.2,0.0,0.0,0.72,0.0,3.32,0.0,0.16,0.0,0.0,0.24,0.32,0.0,0.0,0.04,0.12,0.36,0.4,0.0,0.2,1.76,0.04,0.0,0.28,0.2,0.0,0.16,1.88,0.2,0.0,0.0,0.4,0.0,0.0,0.0,0.0,0.0,0.08,0.0,0.2,0.2,0.76,0.0,0.0,0.48,0.32,0.0,0.0,0.0,0.0,0.0,0.0,0.0,0.0,0.0,0.0,0.28,0.0,0.28,0.0,0.0,0.12,0.0,0.0,0.24,0.68,0.32,0.0,0.0,0.0,0.0,0.0,0.0,0.0,0.0,0.12,0.12,0.56,0.0,0.0,0.08,0.0,0.28,0.0,0.28,0.0,0.0,0.0,0.0,0.12,0.0,0.0,0.0,0.0,0.0,0.0,0.24,0.0,0.96,0.0,0.0,0.0,0.0,0.2,0.0,0.0,0.2,0.0,0.92,0.0,0.0,0.0,0.04,0.28,0.0,0.0,0.0,0.0,0.0,0.16,0.08,0.6,0.0,0.36,0.0,0.0,0.52,0.2,0.0,0.0,0.2,0.0,0.0,0.0,0.0,0.0,0.08,0.0,0.0,0.0,0.52,0.0,0.0,0.0,0.0,0.0,0.0,0.24,0.56,0.0,0.24,0.0,0.16,0.0,0.0,0.12,0.28,0.0,0.0,0.0,0.36,0.0,0.6,0.0,0.0,0.0,0.0,0.0,0.0,0.0,0.0,0.0,0.0,0.32,0.0,0.0,0.0,0.44,0.0,0.0,1.92,0.52,0.6,0.24,0.0,0.0,0.0,0.24,0.0,0.0,0.08,0.0,0.72,0.0,0.0,1.08,0.12,0.0,0.0,0.12,0.16,0.24,0.0,0.12,0.0,1.04,0.64,0.0,0.52,0.0,0.0,0.0,0.0,0.0,0.2,0.0,0.28,0.0,0.12,0.0,0.4,0.0,0.0,0.88,0.0,0.0,0.0,0.0,0.12,0.08,0.0,0.0,0.44,0.12,0.4,0.32,1.08,0.0,0.0,0.0,0.0,0.0,0.76,0.0,0.0,0.0,0.0,0.0,0.76,0.2,0.0,0.0,0.0,0.68,0.0,0.0,0.0,0.4,0.0,0.12,0.0,0.0,1.0,0.32,0.28,0.0,0.4,0.28,0.0,0.0,0.0,0.0,0.0,0.0,0.0,0.76,0.12,0.12,0.48,0.0,0.36,0.0,0.04,0.0,0.0,0.0,0.0,0.0,0.0,0.0,0.4,0.0,0.0
1.08,0.16,0.56,0.0,3.84,0.0,1.88,0.0,0.12,6.52,0.16,2.52,0.36,1.32,0.0,0.0,0.72,2.8,0.0,0.56,1.16,0.0,1.48,0.12,0.28,0.16,0.0,1.12,1.0,0.0,2.08,1.68,0.4,3.76,4.12,0.04,0.0,3.12,10.24,2.52,1.92,0.0,0.12,1.64,0.0,0.48,0.36,0.12,0.0,1.6,0.0,0.0,3.48,0.0,6.44,0.6,0.0,0.0,0.36,0.0,0.0,0.0,2.2,0.0,2.8,1.2,0.0,0.0,0.0,1.16,0.0,0.0,0.0,0.72,0.0,0.04,0.0,0.0,0.6,0.0,0.0,1.04,2.08,0.48,0.0,0.0,0.8,0.0,5.24,0.24,0.36,2.68,0.0,0.0,0.0,0.36,0.72,0.76,0.0,0.0,0.08,0.12,0.44,5.36,0.24,1.16,0.0,3.92,0.72,0.52,0.92,0.84,0.0,0.0,0.0,0.0,0.0,0.0,1.28,0.44,0.0,6.24,0.0,0.0,0.4,0.92,0.0,0.0,0.0,0.0,0.0,0.72,4.6,0.12,1.0,2.52,9.6,0.4,0.0,0.2,0.96,10.88,0.88,0.96,0.0,0.96,0.32,0.32,1.24,0.2,1.92,2.72,0.16,0.4,0.96,2.64,2.96,0.0,0.24,0.0,1.28,0.72,0.92,0.0,2.84,0.0,3.36,1.24,2.12,0.84,0.0,0.0,0.6,3.88,0.0,0.28,0.88,0.0,0.96,0.16,0.24,1.48,2.2,0.44,0.52,0.48,0.12,2.72,0.0,2.2,1.8,0.0,0.4,0.0,1.84,1.08,2.6,12.48,1.12,5.64,1.44,0.0,0.96,0.96,0.28,0.84,0.36,0.2,0.0,6.96,0.12,0.0,0.12,0.0,0.0,0.6,2.88,1.24,0.2,2.0,0.28,0.0,1.4,1.64,0.08,1.16,4.6,1.44,1.68,0.16,0.0,1.4,0.2,1.92,3.12,4.64,1.12,1.04,0.68,4.08,2.12,1.08,3.48,5.4,3.24,1.16,2.44,0.72,0.2,0.2,5.68,0.68,1.0,1.96,2.32,7.88,0.24,6.32,1.24,4.36,1.32,0.52,0.36,0.6,0.04,4.16,0.68,4.32,0.48,0.24,1.24,2.4,1.48,1.0,0.64,0.68,1.0,0.64,2.52,8.64,0.0,3.64,2.8,0.52,8.24,6.48,2.2,7.08,1.0,0.0,10.2,1.32,0.16,1.0,1.64,2.84,1.68,5.0,2.96,0.32,1.16,1.28,0.56,1.8,2.16,0.0,0.48,0.0,0.8,0.28,0.56,1.48,2.64,0.72,0.12,0.36,1.96,2.2,0.64,0.0,0.2,0.24,1.56,1.84,0.8,2.76,0.44,0.0,1.8,1.4,2.72,5.32,0.88,0.16,4.12,0.36,1.2,3.6,0.0,0.4,0.0,0.32,0.0,1.8,1.36,3.32,3.4,0.92,1.16,0.0,6.96,1.28,5.16,2.32,2.36,4.8,7.0,1.0,5.84,3.16,3.0,2.2,0.56,2.92,0.44,0.32,0.44,0.12,0.6,0.8,0.24,1.48,0.8,5.8,5.56,0.68,0.12,9.44,0.32,0.0,0.8,0.4,0.0,1.36,3.04,0.0,1.92,3.96,0.0,0.4,2.44,0.36,4.64,1.24,0.04,0.16,0.0,0.12,4.16,5.6,1.2,13.04,21.4,1.52,50.36,8.84,7.32,7.28,3.28,1.08,1.12,3.0,1.96,2.56,6.84,0.16,2.04,0.0,0.0,0.24,18.68,7.32,11.4,0.0,38.2,0.16,2.24,1.04,2.2,0.0,0.56,2.36,0.56,0.0,0.16,2.12,5.2,1.12,1.52,2.36,0.56,0.12,1.0,0.12,0.24,2.68,3.68,2.88,1.32,12.32,0.0,0.0,0.36,19.68,2.88,2.84,6.8,1.72,3.76,0.0,5.76,4.08,1.84,1.4,1.48,1.04,0.4,0.0,2.68,0.64,0.0
0.0,0.0,0.0,0.0,0.0,0.0,0.0,0.0,0.0,0.0,0.0,0.0,0.0,0.0,0.0,0.0,0.0,0.0,0.0,0.0,0.68,0.0,0.0,0.0,0.0,0.0,0.0,0.0,0.0,0.0,0.0,0.0,0.0,0.0,0.0,0.0,0.0,0.0,0.0,0.0,0.0,0.0,0.0,0.0,0.0,0.0,0.0,0.0,0.0,0.0,0.0,0.0,0.0,0.0,0.0,0.0,0.0,0.0,0.0,0.0,0.0,0.0,0.0,0.0,0.0,0.0,0.0,0.0,0.0,0.0,0.0,0.0,0.0,0.0,0.0,0.0,0.0,0.0,0.0,0.0,0.0,0.0,0.0,0.0,0.0,0.0,0.0,0.0,0.0,0.0,0.0,0.0,0.0,0.0,0.0,0.0,0.0,0.0,0.0,0.0,0.0,0.0,0.0,0.0,0.0,0.0,0.0,0.0,0.0,0.0,0.0,0.0,0.0,0.0,0.0,0.0,0.0,0.0,0.0,0.0,0.0,0.0,0.0,0.0,0.0,0.0,0.0,0.0,0.0,0.0,0.0,0.0,0.0,0.0,0.0,0.0,0.0,0.0,0.0,0.0,0.0,0.0,0.0,0.0,0.0,0.0,0.0,0.0,0.0,0.0,0.0,0.0,0.0,0.0,0.0,0.0,0.0,0.0,0.0,0.0,0.0,0.0,0.0,0.0,0.0,0.0,0.0,0.0,0.0,0.0,0.0,0.0,0.0,0.0,0.0,0.0,0.0,0.0,0.0,0.0,0.0,0.0,0.0,0.0,0.0,0.0,0.0,0.0,0.0,0.0,0.0,0.0,0.0,0.0,0.0,0.0,0.0,0.0,0.0,0.0,0.0,0.0,0.0,0.0,0.0,0.0,0.0,0.0,0.0,0.0,0.0,0.0,0.0,0.0,0.0,0.0,0.0,0.0,0.0,0.0,0.0,0.0,0.0,0.0,0.0,0.0,0.0,0.0,0.0,0.0,0.0,0.0,0.0,0.0,0.0,0.0,0.0,0.0,0.0,0.0,0.0,0.0,0.0,0.0,0.0,0.0,0.0,0.0,0.0,0.0,0.0,0.0,0.0,0.0,0.0,0.0,0.0,0.0,0.0,0.0,0.0,0.0,0.0,0.0,0.0,0.0,0.0,0.0,0.0,0.0,0.0,0.0,0.0,0.0,0.0,0.0,0.0,0.0,0.0,0.0,0.0,0.0,0.0,0.0,0.0,0.0,0.0,0.0,0.0,0.0,0.0,0.0,0.0,0.0,0.0,0.0,0.0,0.0,0.0,0.0,0.0,0.0,0.0,0.0,0.0,0.0,0.0,0.0,0.0,0.0,0.0,0.0,0.0,0.0,0.0,0.0,0.0,0.0,0.0,0.0,0.0,0.0,0.0,0.0,0.0,0.0,0.0,0.0,0.0,0.0,0.0,0.0,0.0,0.0,0.0,0.0,0.0,0.0,0.0,0.0,0.0,0.0,0.0,0.0,0.0,0.0,0.0,0.0,0.0,0.0,0.0,0.0,0.0,0.0,0.0,0.0,0.0,0.0,0.0,0.0,0.0,0.0,0.0,0.0,0.0,0.0,0.0,0.0,0.0,0.0,0.0,0.0,0.0,0.0,0.0,0.0,0.0,0.0,0.0,0.0,0.0,0.0,0.0,0.0,0.0,0.0,0.0,0.0,0.0,0.0,0.0,0.0,0.0,0.0,0.0,0.0,0.0,0.0,0.0,0.0,0.0,0.0,0.0,0.0,0.0,0.0,0.0,0.0,0.0,0.0,0.0,0.0,0.0,0.0,0.0,0.0,0.0,0.0,0.0,0.0,0.0,0.0,0.0,0.0,0.0,0.0,0.0,0.0,0.0,0.0,0.0,0.0,0.0,0.0,0.0,0.0,0.0,0.0,0.0,0.0,0.0,0.0,0.0,0.0,0.0,0.0,0.0,0.0,0.0,0.0,0.0,0.0,0.0,0.0,0.0,0.0,0.0,0.0,0.0,0.0,0.0,0.0,0.0,0.0,0.0,0.0,0.0,0.0,0.0,0.0,0.0
